,podcast_id
1,bc5ddad3898e0973eb541577d1df8004
3,f5fce0325ac6a4bf5e191d6608b95797
10,ef47233dcfdc0bf67681db6322b57f58
11,db93a05fe337aea2061b59c96e647100
24,ed1d26a2f16587ec292421e188f8ee83
30,a9bdaba5449189a4587793e36ce4f704
33,db7afeb73b44d1029f7e88f2db631bd8
35,f529487b091b7659049b17420ae20267
36,e8be02e7d7281ba3edb77da6a9fe95cd
38,d739564fca425b41c8c785d82ec64c18
42,ce295a06b5c7d06a1d123cdc66fb70c7
45,ce8f9cd50a43a3d46302f8fcebf40a3e
50,d55e7cf6f53368e69bb466d2e7e73faf
52,b9a5920d121ff4e239e6ca3b210e65e7
53,dd506eb4fe978de9a045bae9330ad109
55,f7ac28684e55f80359f3a2f9d3ecb118
58,b5c350c463c787b2b02204029bfc0885
60,eb31bc4c8bf332569e5697d3166a4fec
62,cadc6a8ec87e011663a28ccf29035a7d
69,eff0d55df3b0d1ec61b6fb87faac2398
71,d34629baca14d87860276b12a6cb7a3b
74,f416dbd6e2740cacc5bec1a37de8f3d4
79,bd6efdaac64b9da221f25efd4b285352
80,a3a535f66c7e8004e7dc54c2b2829a9e
82,a61cde11d99095d5f55c509e4729dbd1
83,d5a1d526baacbc9e6871bda1bffdc3c9
85,a343c93505bffeaf20564bd2977b4743
86,e89a2cc24f1fa1138a56a532ce68ab4a
93,fc6a4dc50758b7a39c5aac4982862767
94,fa3cac03e05c1e9ec792e95e4850d7ce
101,c9add5e9e81a4b3ca963adab5b87083f
102,f335df99185d1401ada492230b42514a
104,b7b4bdc0af05e557dc772b52be8cd986
111,ba9407243dfdf7e3f129b92ca493b8d7
116,ce541149cdb26ddd6b7e7a9ef825853a
118,e118b1f991ddf060148b51fb235d20f9
123,e6edbb3b09ab608dd57d787d28980e96
126,e87cebeb33762a0fd09345bf468f6494
127,e48360bd07d7b284dcfd129fe3904f97
131,deb18c273e2ee210c39998f8575af7ae
133,f6ea6b0ac7093ad8b8a4b4e25ccaa9ba
137,cc451ec20dfe8f985c246cc71749917d
139,c4b4a343d1131676bf592d266629d6dc
146,f81c8201b9e4f47961987e287ac54cc0
147,bb1ee4da8321bbb9d384ceaf4890b57f
155,cf6b01b278eaa01a3e7bdb607ebc3d66
156,b7ae16378fa1c010e16da82bbf5ffd4f
158,be3dc11b97b963b74b0b791788292aeb
159,e8924ba8caf832f7b1f9741f60c6f756
165,a69cb44bdb12676db5e07eeb8ed8a0fd
166,dabbaae13b4355deaee27bd617089d1b
167,fa7162cfb3963c4d51b67094a51740d6
178,c692ee52722021bbda6c0628845be84b
181,ff0f334b97d879f9c51bb81bf0b65f7a
182,cc16c0fe768adff38e2380215d0e6a3b
183,c88a64d98da7daf286f406c7c49f925b
184,f04aae174b95370afc28fa865cf72ae3
185,c4f6ee92e48accf5e33c2c8fb8857830
192,c684ea6c24f8a6a16c18edd37f2aea41
196,bb8240b4fc3d046c10fbcf613a15c814
221,b0a89ec2ac59786248001dd643cfef45
222,c787f026dea80607a984c6693bb07e1c
224,dda9360560ecf7b41c8646aa5a1c62b0
226,b99f93a4924eb3a960d70ae263cd18a1
227,d1e84a569932f5ebd986a9f2d8d08465
228,c4eafea85540de95544b73777e19c696
231,b797f4b76e5f45b0b09deb8e7b253222
232,f2970432aad718a000ebac10e48ae6b0
238,acc3e236850482a7590002f4d713b393
239,efa1c3c47511c316ea7082ed4fd22146
241,f1532be08580cab6125c489e2376a7cd
248,f327bca8ec79cb02988d24120c67f5c3
259,c2adb71e6b51e1397b49e216e07f3cef
260,c7b33feccdf50a7ba450bf15a8fc1274
265,e4d2df1ded57e897881e60aa03372f14
269,caba7b32181b486496ff69dc9a49d2f3
270,e112d2738b4d1b51f826072a13333591
272,d9dd27d67513af6b0721fc63b492e67d
280,fc32aac8fe942ed89feae0e164185912
281,f0c598c25080c99fb6b8b695877ffffe
285,b16332f51b9746dc5a97c7ce37644fc6
289,bc184bf6c9bc8e558cb824fec1277ae6
290,db5b30cfb0043319e80b43b30071bb7a
291,f42e0606b820b99354ab58d423598493
292,eaf0048c493d201c40cc1850d78196e8
296,fb71702547a7539742dc43829e4bca7a
299,a1bd4fde925cc1985d13f270d37bc5e8
306,d9f6fedc7a32407f3365af653d81cc13
308,f18c90a204eef50be3bf3dcb8a45bf7f
309,a096fd53357d8ebd436f8e270cdb8947
311,cd1e45d433d4a6a4e387f3c4dfa24327
317,c0deaddd87c334ed4ae858f3aa358943
322,a6cc4101cb004140936103e2ffbf8451
323,e853203063767cd03182118755f515e5
331,be3ef6444047190e8af5541d75d78a24
338,c99253c57c787198792c85eb32b53cdb
341,b9882bf2a7b5d0d2dfcab43a7be6d1c7
345,ca3622c926e0b4bf88750b796e19f0ad
351,fdee00bf0e122d22399e839446bc3c2c
354,e28892fd142248a15b9d46b30ebd9d38
356,c1adb6ca5ca39575420fda03c099b037
358,c83c07e4db79816495c8692470220eb8
359,bead83f2330788f9e629cce951e1df99
363,e72fef562b39dd0db4be8ab63dc49486
376,f1a7cabd6127108563a0e38ae044b88a
380,d2da82feac2f430eb12a29a5ca22d0c5
384,df3e4d5d6ca5392713688d8bd3e4a8aa
386,dda9b7add80d65687357f8bcca67b6f1
387,d6ef1df72820e4fc2591f8c3a295b1b7
388,ee41bdc529ac60b6cd3b9a50413b0dee
393,d18c9227a50c9eb96eb8ca25079630e7
396,b9d6a89be00dcbf097a5852ba7a36475
398,ebb2a803a79ea0b5abdefb92d1c816f5
400,bf5474a2c5638aa23ba52d95a2666b8d
402,cfdc22c82e0b7b16f4c8777cd2281fcf
403,f2011c883772c1a55a5d7af418026a1c
405,d8f61fe7d9a3ba1bd96ceb4c3bf49ce6
407,f8d2f595cc870a254df665303a631ff4
416,d921639c7fad6605caa1353cad306f18
418,af6c694ee9ee18c1d699d35056a96fd5
419,ccf96e432a67f3870db1fb25fe509046
420,cc91ae5da9e4702a8596c42d3347a8e3
426,d3aaa06464f56a17cbdc8bb6487b99bc
429,c90c81dbfa75fbf42de5909d360ed8d1
435,d56f2cb3c5e10e4d7793046db261ed8a
438,dc4f2b92fc02836e1e9ce24560f2c308
440,e434f25919f4ce7bfcf364207aeb4f2b
