cat_based,cat_cnt,user_based,user_cnt,adamic_adar,resource_allocation,link_cnt,cat_avg,user_avg,adar_avg,ra_avg
0.0,0.0,0.0,0.0,0.0,0.0,1.0,0.0,0.0,0.0,0.0
0.2,1.0,0.0,0.0,0.13502857222648035,0.11787439613526571,1.0,0.2,0.0,0.13502857222648035,0.11787439613526574
1.0,1.0,0.75,0.75,0.8497336313378409,0.8796432200519363,1.0,1.0,1.0,0.8497336313378411,0.8796432200519364
0.7894736842105263,0.8,0.6419753086419753,0.6666666666666666,1.0,0.8267985897520432,1.0,0.9051724137931033,0.8666666666666667,1.0,0.8267985897520432
0.0,0.0,0.0,0.0,0.0,0.0,0.0,0.0,0.0,0.0,0.0
1.0,1.0,0.6666666666666666,0.6666666666666666,0.9429805410086995,1.0,1.0,0.3333333333333333,0.8918918918918918,0.9429805410086997,1.0
1.0,1.0,1.0,1.0,1.0,1.0,1.0,1.0,1.0,1.0,1.0
1.0,1.0,1.0,1.0,1.0,1.0,1.0,1.0,1.0,1.0,1.0
0.8888888888888888,1.0,0.0,0.0,0.90207666601671,0.5974666587977265,1.0,0.8,0.0,0.90207666601671,0.5974666587977264
1.0,1.0,1.0,1.0,1.0,1.0,1.0,1.0,1.0,1.0,1.0
1.0,1.0,1.0,1.0,1.0,1.0,1.0,1.0,1.0,1.0,1.0
0.0,0.0,0.0,0.0,0.0,0.0,0.0,0.0,0.0,0.0,0.0
0.8421052631578947,1.0,0.3939393939393939,0.4,0.46372742016295604,0.4417714598141061,1.0,0.8421052631578947,0.9848484848484849,0.46372742016295604,0.4417714598141061
1.0,1.0,0.0,0.0,0.13053860685434993,0.05852058413077385,1.0,1.0,0.0,0.13053860685434993,0.05852058413077385
0.3333333333333333,0.3333333333333333,0.875,0.875,0.878146148928082,0.9230555159126587,1.0,1.0,1.0,0.8781461489280818,0.9230555159126588
1.0,1.0,0.0,0.0,0.5621979621403679,0.20737633604261935,1.0,1.0,0.0,0.562197962140368,0.2073763360426193
0.0,0.0,0.0,0.0,0.0,0.0,0.0,0.0,0.0,0.0,0.0
0.5657894736842105,0.55,0.0,0.0,0.5007638552329635,0.316806823727447,1.0,0.9435736677115986,0.0,0.5007638552329636,0.31680682372744706
0.7894736842105263,0.8,0.0,0.0,0.632292234459096,0.3344335542825228,1.0,0.9051724137931033,0.0,0.632292234459096,0.3344335542825229
0.0,0.0,0.0,0.0,0.0,0.0,0.0,0.0,0.0,0.0,0.0
0.8333333333333334,0.8333333333333334,0.0,0.0,0.4268699580924929,0.35760822354133487,1.0,1.0,0.0,0.42686995809249295,0.35760822354133476
0.0,0.0,0.0,0.0,0.0,0.0,0.0,0.0,0.0,0.0,0.0
0.0,0.0,0.0,0.0,0.0,0.0,0.0,0.0,0.0,0.0,0.0
0.11428571428571428,0.5714285714285714,0.0,0.0,0.051083559566639854,0.019323671497584537,1.0,0.2,0.0,0.051083559566639854,0.019323671497584544
0.25,0.25,0.2803030303030303,0.25,0.5260012931551854,0.5825288895502483,1.0,0.3333333333333333,1.0,0.5260012931551854,0.5825288895502482
1.0,1.0,1.0,1.0,1.0,1.0,1.0,1.0,1.0,1.0,1.0
1.0,1.0,0.9545454545454546,0.9545454545454546,1.0,1.0,1.0,1.0,1.0,1.0,1.0
0.631578947368421,0.8,0.345679012345679,0.3333333333333333,0.6585677427534065,0.4294856628669611,1.0,0.7241379310344827,0.9333333333333333,0.6585677427534066,0.4294856628669612
0.0,0.0,0.0,0.0,0.0,0.0,0.0,0.0,0.0,0.0,0.0
1.0,1.0,0.125,0.125,0.6826499179747747,0.5186866009686045,1.0,1.0,1.0,0.6826499179747746,0.5186866009686046
0.75,0.75,0.8333333333333334,0.8333333333333334,0.8265127157752561,0.6871206361600262,1.0,0.3333333333333333,0.8918918918918918,0.826512715775256,0.687120636160026
0.4,0.4,0.3333333333333333,0.3333333333333333,0.2735553909155573,0.16769470527377248,1.0,1.0,1.0,0.27355539091555725,0.1676947052737725
1.0,1.0,0.6666666666666666,0.6666666666666666,0.9429805410086995,1.0,1.0,0.3333333333333333,0.8918918918918918,0.9429805410086997,1.0
0.36666666666666664,0.36666666666666664,0.17777777777777778,0.17777777777777778,0.1877880767201326,0.11100197750101488,1.0,1.0,1.0,0.1877880767201326,0.1110019775010149
0.48148148148148145,0.8333333333333334,1.0,1.0,0.820086799221532,0.9879138570661938,1.0,0.52,1.0,0.820086799221532,0.9879138570661937
0.825,0.875,1.0,1.0,0.9455111310907504,0.8731068358575521,1.0,0.9428571428571428,1.0,0.9455111310907502,0.8731068358575521
0.0,0.0,0.0,0.0,0.0,0.0,1.0,0.0,0.0,0.0,0.0
0.0,0.0,0.0,0.0,0.0,0.0,1.0,0.0,0.0,0.0,0.0
1.0,1.0,1.0,1.0,1.0,1.0,1.0,1.0,1.0,1.0,1.0
0.2236842105263158,0.25,0.0,0.0,0.16100961088233098,0.060899840635180745,1.0,0.8206896551724137,0.0,0.161009610882331,0.06089984063518073
0.8,1.0,0.9402985074626866,1.0,0.8542395330596437,0.8498753117206984,1.0,0.8,0.9,0.8542395330596437,0.8498753117206984
0.0,0.0,0.0,0.0,0.0,0.0,1.0,0.0,0.0,0.0,0.0
1.0,1.0,1.0,1.0,1.0,1.0,1.0,1.0,1.0,1.0,1.0
0.0,0.0,0.0,0.0,0.0,0.0,0.0,0.0,0.0,0.0,0.0
1.0,1.0,0.7,0.7,0.5418709952025262,0.5046911494309994,1.0,1.0,1.0,0.5418709952025262,0.5046911494309994
0.0,0.0,0.0,0.0,0.0,0.0,0.0,0.0,0.0,0.0,0.0
0.7894736842105263,0.8,0.6419753086419753,0.6666666666666666,1.0,0.8267985897520432,1.0,0.9051724137931033,0.8666666666666667,1.0,0.8267985897520432
0.9473684210526315,1.0,0.0,0.0,0.7390230081258526,0.36637074577243756,1.0,0.8689655172413793,0.0,0.7390230081258528,0.36637074577243767
0.2,1.0,0.7333333333333333,1.0,0.19999999999999998,0.2,1.0,0.2,0.7333333333333333,0.19999999999999998,0.2
0.8524590163934426,0.9230769230769231,0.0,0.0,0.4958564666702222,0.2519856158576399,1.0,0.8666666666666666,0.0,0.4958564666702222,0.25198561585763984
0.8333333333333334,0.8333333333333334,0.0,0.0,0.4724686258796055,0.17890537339483853,1.0,1.0,0.0,0.47246862587960553,0.17890537339483853
0.6666666666666666,0.6666666666666666,0.7,0.7,0.573174099461395,0.3952373950703095,1.0,1.0,1.0,0.5731740994613949,0.3952373950703096
0.8333333333333334,0.8333333333333334,0.2972972972972973,0.3333333333333333,0.6361396209615366,0.3995553339151394,1.0,1.0,0.8461538461538461,0.6361396209615369,0.3995553339151393
1.0,1.0,0.0,0.0,0.7745999326814383,0.37701647626907586,1.0,0.9172413793103447,0.0,0.7745999326814385,0.37701647626907603
1.0,1.0,1.0,1.0,1.0,1.0,1.0,1.0,1.0,1.0,1.0
0.5652173913043478,0.6,0.5,0.5,0.5757606159226772,0.49703906400355696,1.0,0.8666666666666666,1.0,0.5757606159226774,0.4970390640035571
0.5714285714285714,0.5714285714285714,0.2857142857142857,0.46153846153846156,0.5360734589662973,0.3982300884955751,1.0,1.0,0.4666666666666667,0.5360734589662972,0.398230088495575
0.0,0.0,0.0,0.0,0.0,0.0,1.0,0.0,0.0,0.0,0.0
0.16666666666666666,0.16666666666666666,0.6741573033707865,0.5714285714285714,0.5528863491180767,0.6423917764586652,1.0,1.0,1.0,0.5528863491180767,0.6423917764586651
0.0,0.0,0.0,0.0,0.0,0.0,0.0,0.0,0.0,0.0,0.0
1.0,1.0,0.0,0.0,0.6751428611324017,0.5893719806763286,1.0,1.0,0.0,0.6751428611324017,0.5893719806763287
0.23076923076923078,0.23076923076923078,1.0,1.0,0.9057439674602634,0.9264145504176458,1.0,1.0,1.0,0.9057439674602636,0.926414550417646
1.0,1.0,0.0,0.0,0.6293998005850808,0.3789121775417298,1.0,1.0,0.0,0.6293998005850807,0.3789121775417299
0.8333333333333334,0.8333333333333334,1.0,1.0,1.0,1.0,1.0,1.0,0.9487179487179489,1.0,1.0
0.8,0.8,0.2222222222222222,0.2222222222222222,0.4283560882373663,0.40448748432839055,1.0,1.0,1.0,0.4283560882373663,0.4044874843283905
0.16666666666666666,0.16666666666666666,0.7027027027027027,0.6666666666666666,0.36291945114193624,0.31370139941792574,1.0,1.0,1.0,0.36291945114193636,0.3137013994179257
0.0,0.0,0.0,0.0,0.0,0.0,1.0,0.0,0.0,0.0,0.0
0.0,0.0,0.0,0.0,0.0,0.0,0.0,0.0,0.0,0.0,0.0
0.38461538461538464,0.38461538461538464,0.6190476190476191,0.6190476190476191,0.5560843339628746,0.45757737682645017,1.0,1.0,1.0,0.5560843339628747,0.45757737682645033
0.0,0.0,0.0,0.0,0.0,0.0,1.0,0.0,0.0,0.0,0.0
0.7714285714285715,1.0,1.0,1.0,0.8369897568869064,0.8492753623188406,1.0,0.7714285714285714,1.0,0.8369897568869061,0.8492753623188407
0.16393442622950818,0.15384615384615385,1.0,1.0,0.5861366153454102,0.7056471641348717,1.0,1.0,0.9487179487179489,0.5861366153454102,0.7056471641348716
1.0,1.0,0.7,0.7,0.6433761044788644,0.42934849161683575,1.0,1.0,1.0,0.6433761044788642,0.42934849161683575
1.0,1.0,1.0,1.0,1.0,1.0,1.0,1.0,1.0,1.0,1.0
0.75,0.75,0.8333333333333334,0.8333333333333334,0.8265127157752561,0.6871206361600262,1.0,0.3333333333333333,0.8918918918918918,0.826512715775256,0.687120636160026
1.0,1.0,0.0,0.0,0.7607813847704983,0.8278993715647841,1.0,1.0,0.0,0.7607813847704984,0.8278993715647841
0.75,0.75,1.0,1.0,1.0,0.9663961205745165,1.0,0.3333333333333333,0.8918918918918918,0.9999999999999998,0.9663961205745164
0.5,0.5,0.06518518518518518,0.08888888888888889,0.16939124840097614,0.08073011155509228,1.0,1.0,0.7333333333333333,0.1693912484009761,0.0807301115550923
0.85,1.0,1.0,1.0,1.0,1.0,1.0,0.85,0.9571428571428572,1.0,1.0
0.5714285714285714,0.5714285714285714,0.2857142857142857,0.46153846153846156,0.5360734589662973,0.3982300884955751,1.0,1.0,0.4666666666666667,0.5360734589662972,0.398230088495575
0.42857142857142855,0.42857142857142855,0.6111111111111112,0.6111111111111112,0.42986711893257806,0.25037283935009697,1.0,1.0,1.0,0.4298671189325781,0.2503728393500969
1.0,1.0,0.9814814814814815,1.0,1.0,1.0,1.0,1.0,0.9814814814814815,1.0,1.0
0.0,0.0,0.9550561797752809,1.0,0.662642969922783,0.6231938613001303,1.0,0.0,0.8095238095238095,0.662642969922783,0.6231938613001302
0.0,0.0,0.0,0.0,0.0,0.0,0.0,0.0,0.0,0.0,0.0
1.0,1.0,0.0,0.0,0.2878841284367521,0.15344311377245506,1.0,1.0,0.0,0.2878841284367521,0.15344311377245506
1.0,1.0,1.0,1.0,1.0,1.0,1.0,1.0,1.0,1.0,1.0
0.5652173913043478,0.6,0.8666666666666667,1.0,0.6179777137922701,0.6036062143155778,1.0,0.8666666666666666,0.8666666666666667,0.6179777137922703,0.6036062143155778
1.0,1.0,0.7692307692307693,0.6666666666666666,1.0,1.0,1.0,1.0,1.0,1.0,1.0
0.0,0.0,0.0,0.0,0.0,0.0,0.0,0.0,0.0,0.0,0.0
1.0,1.0,1.0,1.0,1.0,1.0,1.0,1.0,1.0,1.0,1.0
0.14285714285714285,0.14285714285714285,0.5,0.5,0.33326032611879064,0.23226533519582682,1.0,1.0,1.0,0.33326032611879075,0.2322653351958268
1.0,1.0,1.0,1.0,1.0,1.0,1.0,1.0,1.0,1.0,1.0
0.7,0.7,0.044444444444444446,0.044444444444444446,0.2248524271442899,0.13333819757424045,1.0,1.0,1.0,0.22485242714428988,0.13333819757424048
0.5652173913043478,0.6,0.8666666666666667,1.0,0.6179777137922701,0.6036062143155778,1.0,0.8666666666666666,0.8666666666666667,0.6179777137922703,0.6036062143155778
1.0,1.0,1.0,1.0,0.9841575824238807,0.9513197552287878,1.0,1.0,1.0,0.9841575824238805,0.951319755228788
0.0,0.0,0.0,0.0,0.0,0.0,0.0,0.0,0.0,0.0,0.0
0.3333333333333333,1.0,0.82,1.0,0.3333333333333333,0.3333333333333333,1.0,0.3333333333333333,0.82,0.3333333333333333,0.3333333333333333
0.7894736842105263,0.8,0.0,0.0,0.632292234459096,0.3344335542825228,1.0,0.9051724137931033,0.0,0.632292234459096,0.3344335542825229
0.2,1.0,0.7333333333333333,1.0,0.19999999999999998,0.2,1.0,0.2,0.7333333333333333,0.19999999999999998,0.2
0.0,0.0,0.0,0.0,0.0,0.0,0.0,0.0,0.0,0.0,0.0
0.8333333333333334,0.8333333333333334,0.7027027027027027,0.6666666666666666,0.8904808802007576,0.9354195237501558,1.0,1.0,1.0,0.8904808802007576,0.9354195237501556
0.85,1.0,1.0,1.0,1.0,1.0,1.0,0.85,0.9571428571428572,1.0,1.0
0.8571428571428571,0.8571428571428571,0.6938775510204082,0.7692307692307693,1.0,0.9999999999999998,1.0,1.0,0.6799999999999999,1.0,0.9999999999999999
0.0,0.0,0.0,0.0,0.0,0.0,0.0,0.0,0.0,0.0,0.0
1.0,1.0,1.0,1.0,1.0,1.0,1.0,1.0,1.0,1.0,1.0
0.0,0.0,0.0,0.0,0.0,0.0,0.0,0.0,0.0,0.0,0.0
0.0,0.0,0.0,0.0,0.0,0.0,0.0,0.0,0.0,0.0,0.0
0.5227272727272727,0.6363636363636364,0.0,0.0,0.2858080383897986,0.09925075872534143,1.0,0.8214285714285714,0.0,0.2858080383897986,0.09925075872534145
0.0,0.0,0.0,0.0,0.0,0.0,0.0,0.0,0.0,0.0,0.0
0.16393442622950818,0.15384615384615385,1.0,1.0,0.5861366153454102,0.7056471641348717,1.0,1.0,0.9487179487179489,0.5861366153454102,0.7056471641348716
0.4,0.4,0.1111111111111111,0.1111111111111111,0.19451285388171288,0.13449626108251803,1.0,1.0,1.0,0.19451285388171283,0.13449626108251805
0.0,0.0,0.0,0.0,0.0,0.0,0.0,0.0,0.0,0.0,0.0
0.7894736842105263,0.8,0.345679012345679,0.3333333333333333,0.7863477189139327,0.4985552327723628,1.0,0.9051724137931033,0.9333333333333333,0.7863477189139327,0.4985552327723631
0.0,0.0,0.0,0.0,0.0,0.0,0.0,0.0,0.0,0.0,0.0
0.0,0.0,0.0,0.0,0.0,0.0,0.0,0.0,0.0,0.0,0.0
0.9180327868852459,0.9230769230769231,0.17567567567567569,0.16666666666666666,0.6576060951548054,0.5003922504945767,1.0,0.9333333333333333,1.0,0.6576060951548054,0.5003922504945767
0.75,0.75,1.0,1.0,1.0,0.9663961205745165,1.0,0.3333333333333333,0.8918918918918918,1.0,0.9663961205745164
0.22857142857142856,0.5714285714285714,0.0,0.0,0.10216711913327971,0.03864734299516908,1.0,0.4,0.0,0.10216711913327971,0.03864734299516909
0.0,0.0,0.0,0.0,0.0,0.0,0.0,0.0,0.0,0.0,0.0
1.0,1.0,0.6956521739130435,0.6956521739130435,0.6123413032356805,0.5834470234276886,1.0,1.0,1.0,0.6123413032356807,0.5834470234276886
0.0,0.0,0.0,0.0,0.0,0.0,1.0,0.0,0.0,0.0,0.0
0.0,0.0,0.0,0.0,0.0,0.0,0.0,0.0,0.0,0.0,0.0
0.85,1.0,1.0,1.0,1.0,1.0,1.0,0.85,0.9571428571428572,1.0,1.0
1.0,1.0,1.0,1.0,1.0,1.0,1.0,1.0,1.0,1.0,1.0
1.0,1.0,0.6666666666666666,0.6666666666666666,0.9429805410086995,1.0,1.0,0.3333333333333333,0.8918918918918918,0.9429805410086997,1.0
0.0,0.0,0.0,0.0,0.0,0.0,0.0,0.0,0.0,0.0,0.0
1.0,1.0,1.0,1.0,1.0,1.0,1.0,1.0,1.0,1.0,1.0
0.5714285714285714,0.5714285714285714,0.564625850340136,0.6923076923076923,0.6514359427450775,0.48365206129937405,1.0,1.0,0.6148148148148148,0.6514359427450775,0.48365206129937394
1.0,1.0,1.0,1.0,1.0,1.0,1.0,1.0,1.0,1.0,1.0
1.0,1.0,1.0,1.0,1.0,1.0,1.0,1.0,1.0,1.0,1.0
0.7894736842105263,0.8,0.0,0.0,0.632292234459096,0.3344335542825228,1.0,0.9051724137931033,0.0,0.632292234459096,0.3344335542825228
1.0,1.0,1.0,1.0,1.0,1.0,1.0,1.0,1.0,1.0,1.0
0.09836065573770492,0.15384615384615385,0.6351351351351351,0.8333333333333334,0.2646061855044997,0.28760640140279414,1.0,0.6,0.7230769230769231,0.26460618550449977,0.28760640140279403
1.0,1.0,0.5,0.5,0.5257950881778068,0.3519574529504294,1.0,1.0,1.0,0.525795088177807,0.3519574529504294
1.0,1.0,0.9814814814814815,1.0,1.0,1.0,1.0,1.0,0.9814814814814815,1.0,1.0
1.0,1.0,0.0,0.0,0.6332098575405383,0.6389380530973454,1.0,1.0,0.0,0.6332098575405383,0.6389380530973453
0.0,0.0,0.0,0.0,0.0,0.0,0.0,0.0,0.0,0.0,0.0
0.16393442622950818,0.15384615384615385,1.0,1.0,0.5861366153454102,0.7056471641348718,1.0,1.0,0.9487179487179489,0.5861366153454102,0.7056471641348718
0.8,1.0,0.9402985074626866,1.0,0.8542395330596437,0.8498753117206984,1.0,0.8,0.9,0.8542395330596437,0.8498753117206984
0.825,0.875,1.0,1.0,0.9455111310907504,0.8731068358575521,1.0,0.9428571428571428,1.0,0.9455111310907502,0.8731068358575521
0.0,0.0,0.0,0.0,0.0,0.0,0.0,0.0,0.0,0.0,0.0
1.0,1.0,0.2608695652173913,0.2608695652173913,0.20435977335971633,0.14763148146475008,1.0,1.0,1.0,0.2043597733597164,0.14763148146475008
0.75,0.75,1.0,1.0,1.0,0.9663961205745165,1.0,0.3333333333333333,0.8918918918918918,0.9999999999999998,0.9663961205745164
0.47368421052631576,0.5,0.9696969696969697,1.0,0.8443387513816163,0.8687807545106617,1.0,0.9473684210526315,0.9696969696969698,0.8443387513816162,0.8687807545106615
0.0,0.0,0.0,0.0,0.0,0.0,0.0,0.0,0.0,0.0,0.0
0.16393442622950818,0.15384615384615385,1.0,1.0,0.5861366153454102,0.7056471641348718,1.0,1.0,0.9487179487179489,0.5861366153454102,0.7056471641348718
0.0,0.0,0.0,0.0,0.0,0.0,1.0,0.0,0.0,0.0,0.0
0.0,0.0,0.0,0.0,0.0,0.0,0.0,0.0,0.0,0.0,0.0
0.0,0.0,0.0,0.0,0.0,0.0,0.0,0.0,0.0,0.0,0.0
1.0,1.0,1.0,1.0,1.0,1.0,1.0,1.0,1.0,1.0,1.0
0.631578947368421,0.8,0.6419753086419753,0.6666666666666666,0.8722200238394736,0.7577290198466412,1.0,0.7241379310344827,0.8666666666666667,0.8722200238394738,0.7577290198466414
0.85,1.0,1.0,1.0,1.0,1.0,1.0,0.85,0.9571428571428572,1.0,1.0
1.0,1.0,0.5,0.5,0.9999999999999999,0.9999999999999996,1.0,0.9199999999999999,1.0,1.0,0.9999999999999994
0.8333333333333334,0.8333333333333334,0.6,0.6,0.516144948800289,0.30831340869729573,1.0,1.0,1.0,0.516144948800289,0.30831340869729573
0.8360655737704918,0.8461538461538461,0.0,0.0,0.47389524457605176,0.21074815081909698,1.0,0.9272727272727274,0.0,0.4738952445760517,0.21074815081909692
0.1,0.1,0.08888888888888889,0.08888888888888889,0.1162511067846352,0.12028051703139113,1.0,1.0,1.0,0.11625110678463521,0.12028051703139114
0.5,0.5,0.9550561797752809,1.0,0.8688659306956903,0.7248298827276676,1.0,1.0,0.8095238095238095,0.8688659306956905,0.7248298827276675
0.0,0.0,0.0,0.0,0.0,0.0,0.0,0.0,0.0,0.0,0.0
0.22857142857142856,0.5714285714285714,0.0,0.0,0.10216711913327971,0.03864734299516907,1.0,0.4,0.0,0.10216711913327971,0.03864734299516909
0.0,0.0,0.0,0.0,0.0,0.0,0.0,0.0,0.0,0.0,0.0
0.0,0.0,0.0,0.0,0.0,0.0,0.0,0.0,0.0,0.0,0.0
0.0,0.0,0.0,0.0,0.0,0.0,0.0,0.0,0.0,0.0,0.0
0.0,0.0,0.0,0.0,0.0,0.0,0.0,0.0,0.0,0.0,0.0
0.0,0.0,0.0,0.0,0.0,0.0,0.0,0.0,0.0,0.0,0.0
0.5652173913043478,0.6,0.5,0.5,0.5757606159226771,0.49703906400355696,1.0,0.8666666666666666,1.0,0.5757606159226772,0.497039064003557
0.5652173913043478,0.6,0.5,0.5,0.5757606159226771,0.49703906400355696,1.0,0.8666666666666666,1.0,0.5757606159226772,0.497039064003557
1.0,1.0,0.9814814814814815,1.0,1.0,1.0,1.0,1.0,0.9814814814814815,1.0,1.0
0.8571428571428571,0.8571428571428571,0.6938775510204082,0.7692307692307693,0.9999999999999999,0.9999999999999998,1.0,1.0,0.6799999999999999,0.9999999999999998,0.9999999999999999
0.8333333333333334,0.8333333333333334,0.2972972972972973,0.3333333333333333,0.6361396209615366,0.3995553339151394,1.0,1.0,0.8461538461538461,0.6361396209615369,0.3995553339151393
1.0,1.0,1.0,1.0,1.0,1.0,1.0,1.0,1.0,1.0,1.0
0.25,0.25,0.8333333333333334,0.8333333333333334,0.7204256267977568,0.7956925836345353,1.0,0.3333333333333333,0.8918918918918918,0.7204256267977567,0.7956925836345352
0.0,0.0,0.0,0.0,0.0,0.0,0.0,0.0,0.0,0.0,0.0
1.0,1.0,1.0,1.0,1.0,1.0,1.0,1.0,1.0,1.0,1.0
0.6666666666666666,0.6666666666666666,0.0,0.0,0.5470966594489676,1.0,1.0,1.0,0.0,0.5470966594489675,1.0
1.0,1.0,0.6666666666666666,0.6666666666666666,0.9429805410086995,0.9999999999999998,1.0,0.3333333333333333,0.8918918918918918,0.9429805410086997,0.9999999999999997
0.85,1.0,1.0,1.0,1.0,1.0,1.0,0.85,0.9571428571428572,1.0,1.0
1.0,1.0,0.6666666666666666,0.6666666666666666,0.9429805410086995,1.0,1.0,0.3333333333333333,0.8918918918918918,0.9429805410086997,1.0
0.75,0.75,0.9130434782608695,0.9130434782608695,0.8855944660080541,0.8723855042870956,1.0,1.0,1.0,0.8855944660080544,0.8723855042870956
0.5681818181818182,0.8181818181818182,0.28888888888888886,0.3333333333333333,0.42588815281057757,0.34924759736975214,1.0,0.6944444444444444,0.8666666666666667,0.42588815281057757,0.3492475973697522
0.95,1.0,0.40298507462686567,0.4,0.4953741596122516,0.46533665835411486,1.0,0.95,0.9642857142857143,0.4953741596122516,0.46533665835411486
0.8333333333333334,0.8333333333333334,0.08888888888888889,0.08888888888888889,0.3036177919167325,0.20075657654724946,1.0,1.0,1.0,0.3036177919167325,0.2007565765472495
0.5652173913043478,0.6,0.5,0.5,0.5757606159226771,0.49703906400355696,1.0,0.8666666666666666,1.0,0.5757606159226772,0.497039064003557
1.0,1.0,0.5,0.5,1.0,0.9999999999999998,1.0,0.9199999999999999,1.0,1.0,0.9999999999999998
1.0,1.0,0.98,1.0,1.0,1.0,1.0,1.0,0.98,1.0,1.0
0.0,0.0,0.0,0.0,0.0,0.0,0.0,0.0,0.0,0.0,0.0
1.0,1.0,1.0,1.0,1.0,1.0,1.0,1.0,1.0,1.0,1.0
0.25,0.25,0.08333333333333333,0.08333333333333333,0.1469648569124653,0.12737226485120334,1.0,0.3333333333333333,0.8918918918918918,0.14696485691246527,0.12737226485120332
1.0,1.0,1.0,1.0,0.9280518562974002,0.9072951349202406,1.0,1.0,1.0,0.9280518562974002,0.9072951349202406
0.0,0.0,0.0,0.0,0.0,0.0,1.0,0.0,0.0,0.0,0.0
0.9230769230769231,0.9230769230769231,0.6190476190476191,0.6190476190476191,0.6638921596437831,0.4193223744476135,1.0,1.0,1.0,0.663892159643783,0.41932237444761367
0.0,0.0,0.0,0.0,0.0,0.0,0.0,0.0,0.0,0.0,0.0
0.2,1.0,0.7333333333333333,1.0,0.19999999999999998,0.2,1.0,0.2,0.7333333333333333,0.19999999999999998,0.2
0.2,1.0,0.0,0.0,0.13502857222648035,0.11787439613526571,1.0,0.2,0.0,0.13502857222648035,0.11787439613526574
0.0,0.0,0.0,0.0,0.0,0.0,0.0,0.0,0.0,0.0,0.0
0.5,0.5,0.2222222222222222,0.2222222222222222,0.28082485643888655,0.1925116882096413,1.0,1.0,1.0,0.28082485643888644,0.1925116882096413
0.0,0.0,0.0,0.0,0.0,0.0,0.0,0.0,0.0,0.0,0.0
0.5652173913043478,0.6,0.8666666666666667,1.0,0.6179777137922701,0.6036062143155778,1.0,0.8666666666666666,0.8666666666666667,0.6179777137922703,0.6036062143155778
0.0,0.0,0.0,0.0,0.0,0.0,0.0,0.0,0.0,0.0,0.0
1.0,1.0,0.0,0.0,0.5805040770453461,0.2651272255951976,1.0,0.9384615384615385,0.0,0.5805040770453459,0.2651272255951975
0.8524590163934426,0.9230769230769231,0.0,0.0,0.49585646667022226,0.2519856158576399,1.0,0.8666666666666666,0.0,0.49585646667022226,0.25198561585763984
0.0,0.0,0.0,0.0,0.0,0.0,0.0,0.0,0.0,0.0,0.0
1.0,1.0,1.0,1.0,1.0,1.0,1.0,1.0,1.0,1.0,1.0
1.0,1.0,1.0,1.0,1.0,1.0,1.0,1.0,1.0,1.0,1.0
0.0,0.0,0.0,0.0,0.0,0.0,0.0,0.0,0.0,0.0,0.0
0.85,1.0,0.9701492537313433,1.0,1.0,1.0,1.0,0.85,0.9285714285714286,1.0,1.0
0.0,0.0,0.0,0.0,0.0,0.0,0.0,0.0,0.0,0.0,0.0
0.8,1.0,0.9402985074626866,1.0,0.8542395330596437,0.8498753117206984,1.0,0.8,0.9,0.8542395330596437,0.8498753117206984
1.0,1.0,1.0,1.0,1.0,1.0,1.0,1.0,1.0,1.0,1.0
0.0,0.0,0.0,0.0,0.0,0.0,0.0,0.0,0.0,0.0,0.0
0.0,0.0,0.0,0.0,0.0,0.0,1.0,0.0,0.0,0.0,0.0
0.0,0.0,0.0,0.0,0.0,0.0,0.0,0.0,0.0,0.0,0.0
0.36666666666666664,0.36666666666666664,0.0,0.0,0.07620664072064753,0.02520775166879369,1.0,1.0,0.0,0.07620664072064752,0.025207751668793698
1.0,1.0,1.0,1.0,1.0,1.0,1.0,1.0,1.0,1.0,1.0
0.0,0.0,0.0,0.0,0.0,0.0,0.0,0.0,0.0,0.0,0.0
0.0,0.0,0.0,0.0,0.0,0.0,0.0,0.0,0.0,0.0,0.0
1.0,1.0,0.6666666666666666,0.6666666666666666,0.9429805410086995,1.0,1.0,0.3333333333333333,0.8918918918918918,0.9429805410086997,1.0
0.875,0.875,1.0,1.0,1.0,0.9332787556283256,1.0,1.0,1.0,1.0,0.9332787556283256
0.5333333333333333,0.5333333333333333,0.2222222222222222,0.2222222222222222,0.2707361354884269,0.17535588470252356,1.0,1.0,1.0,0.27073613548842684,0.1753558847025236
0.0,0.0,0.0,0.0,0.0,0.0,0.0,0.0,0.0,0.0,0.0
0.8571428571428571,0.8571428571428571,0.6938775510204082,0.7692307692307693,0.9999999999999999,0.9999999999999998,1.0,1.0,0.6799999999999999,0.9999999999999998,0.9999999999999999
0.0,0.0,0.0,0.0,0.0,0.0,0.0,0.0,0.0,0.0,0.0
0.0,0.0,0.0,0.0,0.0,0.0,0.0,0.0,0.0,0.0,0.0
0.8666666666666667,0.8666666666666667,0.26666666666666666,0.26666666666666666,0.40922861952755174,0.2953527247564454,1.0,1.0,1.0,0.4092286195275517,0.2953527247564455
0.5,0.5,1.0,1.0,0.8688659306956903,0.7248298827276678,1.0,1.0,0.8476190476190477,0.8688659306956905,0.7248298827276676
0.5,0.5,1.0,1.0,0.8688659306956903,0.7248298827276675,1.0,1.0,0.8476190476190477,0.8688659306956905,0.7248298827276674
0.2,1.0,0.7333333333333333,1.0,0.19999999999999998,0.2,1.0,0.2,0.7333333333333333,0.19999999999999998,0.2
0.0,0.0,0.0,0.0,0.0,0.0,0.0,0.0,0.0,0.0,0.0
0.8333333333333334,0.8333333333333334,1.0,1.0,1.0,0.9999999999999998,1.0,1.0,0.9487179487179489,1.0,0.9999999999999998
0.0,0.0,0.0,0.0,0.0,0.0,0.0,0.0,0.0,0.0,0.0
0.5,0.5,0.9887640449438202,1.0,0.8688659306956903,0.7248298827276676,1.0,1.0,0.8380952380952382,0.8688659306956905,0.7248298827276675
0.0,0.0,0.0,0.0,0.0,0.0,0.0,0.0,0.0,0.0,0.0
0.0,0.0,0.0,0.0,0.0,0.0,0.0,0.0,0.0,0.0,0.0
1.0,1.0,1.0,1.0,1.0,1.0,1.0,1.0,1.0,1.0,1.0
1.0,1.0,1.0,1.0,1.0,1.0,1.0,1.0,1.0,1.0,1.0
0.8571428571428571,0.8571428571428571,0.2857142857142857,0.46153846153846156,0.7444585422907865,0.6389380530973452,1.0,1.0,0.4666666666666667,0.7444585422907863,0.638938053097345
0.5714285714285714,0.5714285714285714,0.9455782312925171,1.0,0.9069774004542912,0.8447140082020291,1.0,1.0,0.7128205128205128,0.9069774004542909,0.8447140082020289
0.85,1.0,1.0,1.0,1.0,1.0,1.0,0.85,0.9571428571428572,1.0,1.0
0.0,0.0,0.0,0.0,0.0,0.0,1.0,0.0,0.0,0.0,0.0
0.0,0.0,0.0,0.0,0.0,0.0,0.0,0.0,0.0,0.0,0.0
1.0,1.0,0.5,0.5,0.7694932567839559,0.7207245155855097,1.0,0.3333333333333333,0.8918918918918918,0.7694932567839557,0.7207245155855095
0.5652173913043478,0.6,0.8666666666666667,1.0,0.6179777137922701,0.6036062143155778,1.0,0.8666666666666666,0.8666666666666667,0.6179777137922703,0.6036062143155778
0.5,0.5,0.0,0.0,0.05469451799808835,0.01954397394136808,1.0,1.0,0.0,0.05469451799808835,0.019543973941368076
0.5,0.5,1.0,1.0,0.8688659306956903,0.7248298827276676,1.0,1.0,0.8476190476190477,0.8688659306956905,0.7248298827276675
0.0,0.0,0.0,0.0,0.0,0.0,1.0,0.0,0.0,0.0,0.0
0.2,1.0,0.7333333333333333,1.0,0.19999999999999998,0.2,1.0,0.2,0.7333333333333333,0.19999999999999998,0.2
0.75,0.75,1.0,1.0,1.0,0.9663961205745165,1.0,0.3333333333333333,0.8918918918918918,0.9999999999999998,0.9663961205745164
0.0,0.0,0.0,0.0,0.0,0.0,0.0,0.0,0.0,0.0,0.0
0.16393442622950818,0.15384615384615385,1.0,1.0,0.5861366153454102,0.7056471641348718,1.0,1.0,0.9487179487179489,0.5861366153454102,0.7056471641348718
0.0,0.0,0.0,0.0,0.0,0.0,0.0,0.0,0.0,0.0,0.0
0.85,1.0,1.0,1.0,1.0,1.0,1.0,0.85,0.9571428571428572,1.0,1.0
0.8571428571428571,0.8571428571428571,0.2857142857142857,0.46153846153846156,0.7444585422907866,0.6389380530973454,1.0,1.0,0.4666666666666667,0.7444585422907863,0.638938053097345
0.6578947368421053,0.7,0.0,0.0,0.5417942932905326,0.30012770977060993,1.0,0.8620689655172414,0.0,0.5417942932905327,0.30012770977060993
0.5,0.5,0.9550561797752809,1.0,0.8688659306956903,0.7248298827276678,1.0,1.0,0.8095238095238095,0.8688659306956905,0.7248298827276676
0.0,0.0,0.0,0.0,0.0,0.0,1.0,0.0,0.0,0.0,0.0
0.8333333333333334,0.8333333333333334,0.7027027027027027,0.6666666666666666,0.8904808802007576,0.9354195237501558,1.0,1.0,1.0,0.8904808802007576,0.9354195237501556
0.0,0.0,0.0,0.0,0.0,0.0,1.0,0.0,0.0,0.0,0.0
0.6521739130434783,0.6,1.0,1.0,0.8154928583009668,0.9072608742780158,1.0,1.0,1.0,0.815492858300967,0.907260874278016
0.85,1.0,1.0,1.0,1.0,1.0,1.0,0.85,0.9571428571428572,1.0,1.0
1.0,1.0,1.0,1.0,1.0,1.0,1.0,1.0,1.0,1.0,1.0
1.0,1.0,0.5,0.5,0.9999999999999999,0.9999999999999996,1.0,0.9199999999999999,1.0,1.0,0.9999999999999994
0.0,0.0,0.0,0.0,0.0,0.0,0.0,0.0,0.0,0.0,0.0
0.75,0.8181818181818182,0.0,0.0,0.5157343849610193,0.46460862417804755,1.0,0.9166666666666666,0.0,0.5157343849610192,0.4646086241780475
1.0,1.0,0.5,0.5,0.9999999999999999,1.0,1.0,0.9199999999999999,1.0,1.0,1.0
0.8333333333333334,0.8333333333333334,0.7027027027027027,0.6666666666666666,0.8904808802007576,0.9354195237501558,1.0,1.0,1.0,0.8904808802007576,0.9354195237501558
0.0,0.0,0.0,0.0,0.0,0.0,0.0,0.0,0.0,0.0,0.0
1.0,1.0,0.9814814814814815,1.0,1.0,1.0,1.0,1.0,0.9814814814814815,1.0,1.0
0.16666666666666666,0.16666666666666666,0.6741573033707865,0.5714285714285714,0.5528863491180767,0.6423917764586652,1.0,1.0,1.0,0.5528863491180767,0.6423917764586651
0.85,1.0,1.0,1.0,1.0,1.0,1.0,0.85,0.9571428571428572,1.0,1.0
0.5657894736842105,0.55,0.0,0.0,0.5007638552329635,0.316806823727447,1.0,0.9435736677115986,0.0,0.5007638552329636,0.31680682372744706
0.45,0.5,1.0,1.0,0.8851794126912585,0.9042394014962594,1.0,0.9,0.9571428571428572,0.8851794126912585,0.9042394014962594
0.0,0.0,0.0,0.0,0.0,0.0,0.0,0.0,0.0,0.0,0.0
0.85,1.0,1.0,1.0,1.0,1.0,1.0,0.85,0.9571428571428572,1.0,1.0
0.8421052631578947,1.0,0.0,0.0,0.6582414549145252,0.3276005626651603,1.0,0.7724137931034483,0.0,0.6582414549145252,0.3276005626651603
0.0,0.0,0.0,0.0,0.0,0.0,0.0,0.0,0.0,0.0,0.0
0.11428571428571428,0.5714285714285714,0.0,0.0,0.051083559566639854,0.019323671497584537,1.0,0.2,0.0,0.051083559566639854,0.019323671497584544
0.0,0.0,0.0,0.0,0.0,0.0,0.0,0.0,0.0,0.0,0.0
0.8333333333333334,0.8333333333333334,0.0,0.0,0.4268699580924929,0.35760822354133487,1.0,1.0,0.0,0.42686995809249295,0.35760822354133476
0.0,0.0,0.9662921348314607,1.0,0.662642969922783,0.6231938613001303,1.0,0.0,0.819047619047619,0.662642969922783,0.6231938613001302
1.0,1.0,0.6741573033707865,0.5714285714285714,0.9797563072105695,1.0,1.0,1.0,1.0,0.9797563072105696,0.9999999999999998
0.8571428571428571,0.8571428571428571,0.2857142857142857,0.46153846153846156,0.7444585422907865,0.6389380530973452,1.0,1.0,0.4666666666666667,0.7444585422907863,0.638938053097345
0.5652173913043478,0.6,0.5,0.5,0.5757606159226771,0.49703906400355696,1.0,0.8666666666666666,1.0,0.5757606159226772,0.497039064003557
0.85,1.0,1.0,1.0,1.0,1.0,1.0,0.85,0.9571428571428572,1.0,1.0
0.8571428571428571,0.8571428571428571,0.2857142857142857,0.46153846153846156,0.7444585422907866,0.6389380530973454,1.0,1.0,0.4666666666666667,0.7444585422907863,0.638938053097345
0.0,0.0,0.0,0.0,0.0,0.0,0.0,0.0,0.0,0.0,0.0
0.0,0.0,0.0,0.0,0.0,0.0,0.0,0.0,0.0,0.0,0.0
0.0,0.0,0.0,0.0,0.0,0.0,0.0,0.0,0.0,0.0,0.0
1.0,1.0,1.0,1.0,0.9772102734328051,0.9620258575649052,1.0,1.0,1.0,0.9772102734328048,0.962025857564905
0.8333333333333334,0.8333333333333334,0.0,0.0,0.4724686258796055,0.17890537339483853,1.0,1.0,0.0,0.47246862587960553,0.17890537339483853
1.0,1.0,0.5,0.5,0.9999999999999999,1.0,1.0,0.9199999999999999,1.0,1.0,1.0
0.0,0.0,0.0,0.0,0.0,0.0,0.0,0.0,0.0,0.0,0.0
0.5131578947368421,0.55,0.0,0.0,0.4537654322837647,0.2865074369293227,1.0,0.8557993730407523,0.0,0.45376543228376465,0.2865074369293228
1.0,1.0,1.0,1.0,1.0,1.0,1.0,1.0,1.0,1.0,1.0
1.0,1.0,0.0,0.0,0.6332098575405385,0.6389380530973454,1.0,1.0,0.0,0.6332098575405383,0.638938053097345
0.6,0.6,1.0,1.0,0.9265876029646813,0.9738849739887306,1.0,1.0,1.0,0.9265876029646811,0.973884973988731
0.9090909090909091,1.0,0.6222222222222222,0.6666666666666666,0.7407120370660529,0.5687357738998482,1.0,0.909090909090909,0.9333333333333333,0.7407120370660528,0.5687357738998484
0.5652173913043478,0.6,0.5,0.5,0.5757606159226771,0.49703906400355696,1.0,0.8666666666666666,1.0,0.5757606159226772,0.497039064003557
0.8571428571428571,0.8571428571428571,0.5,0.5,0.479946998838022,0.3030608824990031,1.0,1.0,1.0,0.47994699883802205,0.3030608824990031
0.8333333333333334,0.8333333333333334,0.0,0.0,0.4268699580924929,0.35760822354133487,1.0,1.0,0.0,0.42686995809249295,0.35760822354133476
0.0,0.0,0.0,0.0,0.0,0.0,0.0,0.0,0.0,0.0,0.0
1.0,1.0,1.0,1.0,1.0,1.0,1.0,1.0,1.0,1.0,1.0
0.5,0.5,0.9550561797752809,1.0,0.8688659306956903,0.7248298827276678,1.0,1.0,0.8095238095238095,0.8688659306956905,0.7248298827276676
1.0,1.0,0.417910447761194,0.4,0.5344684291096212,0.5037406483790525,1.0,1.0,1.0,0.5344684291096212,0.5037406483790525
0.0,0.0,0.0,0.0,0.0,0.0,0.0,0.0,0.0,0.0,0.0
0.0,0.0,0.0,0.0,0.0,0.0,1.0,0.0,0.0,0.0,0.0
0.0,0.0,0.0,0.0,0.0,0.0,0.0,0.0,0.0,0.0,0.0
0.0,0.0,0.9550561797752809,1.0,0.662642969922783,0.6231938613001303,1.0,0.0,0.8095238095238095,0.662642969922783,0.6231938613001302
0.14285714285714285,0.14285714285714285,0.40816326530612246,0.3076923076923077,0.42068272909869775,0.6318584070796459,1.0,1.0,1.0,0.42068272909869775,0.6318584070796459
0.8333333333333334,0.8333333333333334,0.8314606741573034,0.8571428571428571,1.0,0.904010424207326,1.0,1.0,0.8222222222222224,1.0,0.9040104242073259
0.0,0.0,0.0,0.0,0.0,0.0,0.0,0.0,0.0,0.0,0.0
1.0,1.0,0.0,0.0,0.8538791524215099,0.7444563232313782,1.0,0.9199999999999999,0.0,0.8538791524215102,0.7444563232313782
0.0,0.0,0.0,0.0,0.0,0.0,0.0,0.0,0.0,0.0,0.0
1.0,1.0,0.5,0.5,0.9999999999999999,0.9999999999999998,1.0,0.9199999999999999,1.0,1.0,0.9999999999999998
0.0,0.0,0.0,0.0,0.0,0.0,0.0,0.0,0.0,0.0,0.0
0.5652173913043478,0.6,0.5,0.5,0.5757606159226771,0.49703906400355696,1.0,0.8666666666666666,1.0,0.5757606159226772,0.497039064003557
0.8571428571428571,0.8571428571428571,0.2857142857142857,0.46153846153846156,0.7444585422907865,0.6389380530973454,1.0,1.0,0.4666666666666667,0.7444585422907863,0.638938053097345
0.825,0.875,1.0,1.0,0.9455111310907504,0.8731068358575521,1.0,0.9428571428571428,1.0,0.9455111310907502,0.8731068358575521
0.07407407407407407,0.16666666666666666,0.8,1.0,0.20294201334452988,0.24703544897669816,1.0,0.4,0.8,0.2029420133445299,0.2470354489766982
0.8333333333333334,0.8333333333333334,0.7027027027027027,0.6666666666666666,0.8904808802007576,0.9354195237501558,1.0,1.0,1.0,0.8904808802007576,0.9354195237501556
0.0,0.0,0.0,0.0,0.0,0.0,0.0,0.0,0.0,0.0,0.0
1.0,1.0,1.0,1.0,1.0,1.0,1.0,1.0,1.0,1.0,1.0
0.4473684210526316,0.5,1.0,1.0,0.9526709371118501,1.0,1.0,0.8206896551724137,0.9,0.9526709371118504,1.0
0.6,0.625,0.0,0.0,0.4630696430351122,0.16504297994269343,1.0,0.96,0.0,0.46306964303511217,0.16504297994269346
0.0,0.0,0.0,0.0,0.0,0.0,0.0,0.0,0.0,0.0,0.0
0.0,0.0,0.0,0.0,0.0,0.0,0.0,0.0,0.0,0.0,0.0
1.0,1.0,1.0,1.0,1.0,1.0,1.0,1.0,1.0,1.0,1.0
0.8571428571428571,0.8571428571428571,0.6938775510204082,0.7692307692307693,0.9999999999999999,1.0,1.0,1.0,0.6799999999999999,0.9999999999999998,1.0
0.7894736842105263,0.8,0.6419753086419753,0.6666666666666666,1.0,0.8267985897520432,1.0,0.9051724137931033,0.8666666666666667,1.0,0.8267985897520432
1.0,1.0,1.0,1.0,1.0,1.0,1.0,1.0,1.0,1.0,1.0
1.0,1.0,0.7692307692307693,0.6666666666666666,1.0,1.0,1.0,1.0,1.0,1.0,1.0
0.0,0.0,0.0,0.0,0.0,0.0,0.0,0.0,0.0,0.0,0.0
0.0,0.0,0.022222222222222223,0.022222222222222223,0.013257238044350328,0.011491769143126543,1.0,0.0,1.0,0.013257238044350323,0.011491769143126544
0.0,0.0,0.0,0.0,0.0,0.0,0.0,0.0,0.0,0.0,0.0
0.16666666666666666,0.16666666666666666,0.9375,0.9375,0.9697724794120451,0.9787005894302174,1.0,1.0,1.0,0.9697724794120451,0.9787005894302174
1.0,1.0,1.0,1.0,1.0,1.0,1.0,1.0,1.0,1.0,1.0
0.09836065573770492,0.15384615384615385,0.0,0.0,0.06695156783040546,0.04366319827610423,1.0,0.6,0.0,0.06695156783040546,0.043663198276104216
1.0,1.0,0.0,0.0,0.5621979621403679,0.20737633604261924,1.0,1.0,0.0,0.562197962140368,0.20737633604261924
0.0,0.0,0.0,0.0,0.0,0.0,0.0,0.0,0.0,0.0,0.0
0.0,0.0,0.0,0.0,0.0,0.0,1.0,0.0,0.0,0.0,0.0
0.0,0.0,0.0,0.0,0.0,0.0,0.0,0.0,0.0,0.0,0.0
1.0,1.0,0.6666666666666666,0.6666666666666666,0.9429805410086995,1.0,1.0,0.3333333333333333,0.8918918918918918,0.9429805410086997,1.0
0.7,0.75,0.0,0.0,0.6222787691727929,0.44928366762177646,1.0,0.9333333333333333,0.0,0.622278769172793,0.4492836676217766
0.85,1.0,1.0,1.0,1.0,1.0,1.0,0.85,0.9571428571428572,1.0,1.0
0.07407407407407407,0.16666666666666666,0.8,1.0,0.20294201334452988,0.24703544897669816,1.0,0.4,0.8,0.2029420133445299,0.2470354489766982
0.0,0.0,0.0,0.0,0.0,0.0,0.0,0.0,0.0,0.0,0.0
0.7714285714285715,1.0,0.7333333333333333,1.0,0.5771040457928275,0.5207729468599033,1.0,0.7714285714285714,0.7333333333333333,0.5771040457928275,0.5207729468599034
1.0,1.0,1.0,1.0,1.0,1.0,1.0,1.0,1.0,1.0,1.0
0.825,0.875,1.0,1.0,0.9455111310907504,0.8731068358575521,1.0,0.9428571428571428,1.0,0.94551113109075,0.8731068358575521
0.6666666666666666,0.6666666666666666,0.125,0.125,0.6081805403309796,0.6813525064916531,1.0,1.0,1.0,0.6081805403309795,0.6813525064916532
0.0,0.0,0.0,0.0,0.0,0.0,0.0,0.0,0.0,0.0,0.0
0.8571428571428571,0.8571428571428571,0.6938775510204082,0.7692307692307693,0.9999999999999999,0.9999999999999998,1.0,1.0,0.6799999999999999,0.9999999999999998,0.9999999999999999
0.0,0.0,0.0,0.0,0.0,0.0,0.0,0.0,0.0,0.0,0.0
0.7692307692307693,0.7692307692307693,0.6190476190476191,0.6190476190476191,0.6090538082303661,0.37940363119821935,1.0,1.0,1.0,0.6090538082303663,0.3794036311982194
0.6521739130434783,0.6,1.0,1.0,0.8154928583009668,0.9072608742780158,1.0,1.0,1.0,0.815492858300967,0.907260874278016
0.6666666666666666,0.6666666666666666,1.0,1.0,1.0,1.0,1.0,1.0,1.0,1.0,1.0
0.8524590163934426,0.9230769230769231,0.0,0.0,0.49585646667022226,0.2519856158576399,1.0,0.8666666666666666,0.0,0.49585646667022226,0.25198561585763984
0.9,1.0,0.0,0.0,0.8595405891691943,0.7075159797222832,1.0,0.9,0.0,0.8595405891691942,0.7075159797222833
0.5131578947368421,0.55,0.0,0.0,0.4537654322837647,0.2865074369293227,1.0,0.8557993730407523,0.0,0.45376543228376465,0.2865074369293228
0.0,0.0,0.0,0.0,0.0,0.0,1.0,0.0,0.0,0.0,0.0
0.0,0.0,0.0,0.0,0.0,0.0,1.0,0.0,0.0,0.0,0.0
1.0,1.0,0.9814814814814815,1.0,1.0,1.0,1.0,1.0,0.9814814814814815,1.0,1.0
0.8,1.0,0.9402985074626866,1.0,0.8542395330596437,0.8498753117206984,1.0,0.8,0.9,0.8542395330596437,0.8498753117206984
0.0,0.0,0.26666666666666666,0.26666666666666666,0.1519852095221241,0.12257887086001641,1.0,0.0,1.0,0.15198520952212413,0.12257887086001641
0.14285714285714285,0.14285714285714285,0.40816326530612246,0.3076923076923077,0.42068272909869775,0.6318584070796459,1.0,1.0,1.0,0.42068272909869775,0.6318584070796459
0.4,0.6666666666666666,1.0,1.0,0.7639775029503947,0.922448546573308,1.0,0.6,0.8666666666666667,0.7639775029503946,0.9224485465733078
1.0,1.0,0.98,1.0,1.0,1.0,1.0,1.0,0.98,1.0,1.0
1.0,1.0,0.9814814814814815,1.0,1.0,1.0,1.0,1.0,0.9814814814814815,1.0,1.0
0.5185185185185185,0.8333333333333334,1.0,1.0,0.8527279105492954,1.0,1.0,0.5599999999999999,1.0,0.8527279105492954,1.0
1.0,1.0,0.0,0.0,0.6067354761910715,0.4502264896513505,1.0,1.0,0.0,0.6067354761910715,0.4502264896513506
0.85,1.0,0.9701492537313433,1.0,1.0,1.0,1.0,0.85,0.9285714285714286,1.0,1.0
0.25,0.25,0.803030303030303,0.8333333333333334,0.7204256267977568,0.7956925836345353,1.0,0.3333333333333333,0.8594594594594592,0.7204256267977567,0.7956925836345352
0.0,0.0,0.0,0.0,0.0,0.0,0.0,0.0,0.0,0.0,0.0
0.5,0.5,1.0,1.0,0.8688659306956903,0.7248298827276675,1.0,1.0,0.8476190476190477,0.8688659306956905,0.7248298827276674
0.85,1.0,1.0,1.0,1.0,1.0,1.0,0.85,0.9571428571428572,1.0,1.0
0.0,0.0,0.0,0.0,0.0,0.0,0.0,0.0,0.0,0.0,0.0
0.5652173913043478,0.6,0.5,0.5,0.5757606159226771,0.49703906400355696,1.0,0.8666666666666666,1.0,0.5757606159226772,0.497039064003557
0.0,0.0,0.0,0.0,0.0,0.0,0.0,0.0,0.0,0.0,0.0
0.575,0.625,0.0,0.0,0.44377507457531584,0.15816618911174787,1.0,0.9199999999999999,0.0,0.4437750745753158,0.1581661891117479
1.0,1.0,0.9814814814814815,1.0,1.0,1.0,1.0,1.0,0.9814814814814815,1.0,1.0
0.5428571428571428,1.0,0.0,0.0,0.34912237490621406,0.28792270531400965,1.0,0.5428571428571429,0.0,0.34912237490621406,0.2879227053140097
1.0,1.0,1.0,1.0,1.0,1.0,1.0,1.0,1.0,1.0,1.0
1.0,1.0,1.0,1.0,1.0,1.0,1.0,1.0,1.0,1.0,1.0
1.0,1.0,0.6666666666666666,0.6666666666666666,0.6617045021183648,0.5013098802395209,1.0,1.0,1.0,0.6617045021183648,0.5013098802395209
0.0,0.0,0.0,0.0,0.0,0.0,0.0,0.0,0.0,0.0,0.0
1.0,1.0,1.0,1.0,1.0,1.0,1.0,1.0,1.0,1.0,1.0
1.0,1.0,0.0,0.0,0.8538791524215099,0.7444563232313782,1.0,0.9199999999999999,0.0,0.8538791524215102,0.7444563232313782
0.5652173913043478,0.6,0.8666666666666667,1.0,0.6179777137922701,0.6036062143155778,1.0,0.8666666666666666,0.8666666666666667,0.6179777137922703,0.6036062143155778
0.06666666666666667,0.3333333333333333,0.0,0.0,0.028969160766988095,0.011584977721196692,1.0,0.2,0.0,0.028969160766988095,0.011584977721196692
0.9180327868852459,0.9230769230769231,0.6351351351351351,0.8333333333333334,0.787449405647333,0.6764445050822021,1.0,0.9333333333333333,0.7230769230769231,0.7874494056473331,0.6764445050822018
0.0,0.0,0.0,0.0,0.0,0.0,0.0,0.0,0.0,0.0,0.0
0.75,0.75,0.5,0.5,0.6280204699297344,0.5345408593091828,1.0,0.3333333333333333,0.8918918918918918,0.6280204699297345,0.5345408593091828
1.0,1.0,1.0,1.0,1.0,1.0,1.0,1.0,1.0,1.0,1.0
1.0,1.0,0.4,0.4,0.48249432180629687,0.3085862663167068,1.0,1.0,1.0,0.4824943218062968,0.3085862663167068
1.0,1.0,1.0,1.0,1.0,1.0,1.0,1.0,1.0,1.0,1.0
0.5333333333333333,0.5333333333333333,0.0,0.0,0.15909291597420613,0.10838627118094774,1.0,1.0,0.0,0.15909291597420613,0.10838627118094772
0.8333333333333334,0.8333333333333334,0.2972972972972973,0.3333333333333333,0.6361396209615366,0.3995553339151394,1.0,1.0,0.8461538461538461,0.6361396209615369,0.3995553339151393
0.8333333333333334,0.8333333333333334,0.8314606741573034,0.8571428571428571,1.0,0.904010424207326,1.0,1.0,0.8222222222222224,1.0,0.9040104242073259
0.2,1.0,0.0,0.0,0.13502857222648035,0.11787439613526571,1.0,0.2,0.0,0.13502857222648035,0.11787439613526574
1.0,1.0,1.0,1.0,1.0,1.0,1.0,1.0,1.0,1.0,1.0
0.0,0.0,0.0,0.0,0.0,0.0,1.0,0.0,0.0,0.0,0.0
0.8571428571428571,0.8571428571428571,0.2857142857142857,0.46153846153846156,0.7444585422907865,0.6389380530973452,1.0,1.0,0.4666666666666667,0.7444585422907863,0.638938053097345
0.85,1.0,1.0,1.0,1.0,1.0,1.0,0.85,0.9571428571428572,1.0,1.0
0.0,0.0,0.0,0.0,0.0,0.0,0.0,0.0,0.0,0.0,0.0
1.0,1.0,0.0,0.0,1.0,0.6337250875991453,1.0,0.9,0.0,1.0,0.6337250875991453
1.0,1.0,1.0,1.0,1.0,1.0,1.0,1.0,1.0,1.0,1.0
0.0,0.0,0.0,0.0,0.0,0.0,0.0,0.0,0.0,0.0,0.0
0.0,0.0,0.18181818181818182,0.18181818181818182,0.0869642246677203,0.06174657306519487,1.0,0.0,1.0,0.0869642246677203,0.06174657306519487
0.5652173913043478,0.6,0.5,0.5,0.5757606159226771,0.49703906400355696,1.0,0.8666666666666666,1.0,0.5757606159226772,0.497039064003557
0.0,0.0,0.0,0.0,0.0,0.0,0.0,0.0,0.0,0.0,0.0
0.5652173913043478,0.6,0.5,0.5,0.5757606159226771,0.49703906400355696,1.0,0.8666666666666666,1.0,0.5757606159226772,0.497039064003557
0.0,0.0,0.0,0.0,0.0,0.0,0.0,0.0,0.0,0.0,0.0
0.0,0.0,0.0,0.0,0.0,0.0,1.0,0.0,0.0,0.0,0.0
1.0,1.0,0.0,0.0,0.5805040770453461,0.26512722559519747,1.0,0.9384615384615385,0.0,0.5805040770453459,0.2651272255951974
0.0,0.0,0.9550561797752809,1.0,0.662642969922783,0.6231938613001303,1.0,0.0,0.8095238095238095,0.662642969922783,0.6231938613001302
0.8571428571428571,0.8571428571428571,0.6938775510204082,0.7692307692307693,0.9999999999999999,1.0,1.0,1.0,0.6799999999999999,0.9999999999999998,1.0
0.0,0.0,0.0,0.0,0.0,0.0,0.0,0.0,0.0,0.0,0.0
0.25925925925925924,0.3333333333333333,0.0,0.0,0.22848777929434302,0.08460300053664344,1.0,0.7,0.0,0.22848777929434302,0.08460300053664344
0.5714285714285714,0.5714285714285714,0.2857142857142857,0.46153846153846156,0.5360734589662973,0.3982300884955751,1.0,1.0,0.4666666666666667,0.5360734589662972,0.398230088495575
1.0,1.0,1.0,1.0,1.0,1.0,1.0,1.0,1.0,1.0,1.0
0.5,0.5,1.0,1.0,0.8688659306956903,0.7248298827276676,1.0,1.0,0.8476190476190477,0.8688659306956905,0.7248298827276675
0.0,0.0,0.0,0.0,0.0,0.0,0.0,0.0,0.0,0.0,0.0
0.6333333333333333,0.6333333333333333,0.0,0.0,0.20870895569351441,0.14854175670189493,1.0,1.0,0.0,0.20870895569351444,0.14854175670189493
0.6521739130434783,0.6,1.0,1.0,0.8154928583009668,0.9072608742780158,1.0,1.0,1.0,0.815492858300967,0.907260874278016
0.0,0.0,0.0,0.0,0.0,0.0,1.0,0.0,0.0,0.0,0.0
0.6666666666666666,0.6666666666666666,0.26666666666666666,0.26666666666666666,0.35803213780944515,0.25788708600165006,1.0,1.0,1.0,0.35803213780944504,0.25788708600165
1.0,1.0,0.5,0.5,1.0,0.9999999999999998,1.0,0.9199999999999999,1.0,1.0,0.9999999999999998
0.0,0.0,0.0,0.0,0.0,0.0,0.0,0.0,0.0,0.0,0.0
0.75,0.25,0.0,0.0,0.21666550870093793,0.06793187458730844,1.0,1.0,0.0,0.21666550870093793,0.06793187458730843
0.5652173913043478,0.6,0.5,0.5,0.5757606159226771,0.49703906400355696,1.0,0.8666666666666666,1.0,0.5757606159226772,0.497039064003557
1.0,1.0,0.0,0.0,0.9685183269876938,0.8278598192638307,1.0,1.0,0.0,0.968518326987694,0.8278598192638307
0.2,1.0,0.7333333333333333,1.0,0.19999999999999998,0.2,1.0,0.2,0.7333333333333333,0.19999999999999998,0.2
1.0,1.0,0.2,0.2,0.4761251399229826,0.39823321628379643,1.0,1.0,1.0,0.47612513992298244,0.3982332162837964
0.8333333333333334,0.8333333333333334,0.2222222222222222,0.2222222222222222,0.37065435770794963,0.24672365311975564,1.0,1.0,1.0,0.3706543577079496,0.24672365311975564
0.0,0.0,0.0,0.0,0.0,0.0,0.0,0.0,0.0,0.0,0.0
1.0,1.0,0.9814814814814815,1.0,1.0,1.0,1.0,1.0,0.9814814814814815,1.0,1.0
0.0,0.0,1.0,1.0,0.662642969922783,0.6231938613001303,1.0,0.0,0.8476190476190477,0.662642969922783,0.6231938613001302
1.0,1.0,0.6666666666666666,0.6666666666666666,0.9429805410086995,1.0,1.0,0.3333333333333333,0.8918918918918918,0.9429805410086997,1.0
1.0,1.0,1.0,1.0,1.0,1.0,1.0,1.0,1.0,1.0,1.0
1.0,1.0,0.5,0.5,0.9999999999999999,0.9999999999999996,1.0,0.9199999999999999,1.0,1.0,0.9999999999999994
0.75,0.75,1.0,1.0,1.0,1.0,1.0,1.0,1.0,1.0,1.0
1.0,1.0,0.9814814814814815,1.0,1.0,1.0,1.0,1.0,0.9814814814814815,1.0,1.0
0.0,0.0,0.0,0.0,0.0,0.0,0.0,0.0,0.0,0.0,0.0
0.0,0.0,0.8707482993197279,0.9230769230769231,0.6164698811278142,0.704070796460177,1.0,0.0,0.711111111111111,0.6164698811278143,0.7040707964601769
0.5657894736842105,0.55,0.0,0.0,0.5007638552329635,0.316806823727447,1.0,0.9435736677115986,0.0,0.5007638552329636,0.31680682372744706
0.0,0.0,0.0,0.0,0.0,0.0,0.0,0.0,0.0,0.0,0.0
1.0,1.0,0.6666666666666666,0.6666666666666666,0.9429805410086995,1.0,1.0,0.3333333333333333,0.8918918918918918,0.9429805410086997,1.0
1.0,1.0,0.16666666666666666,0.16666666666666666,0.45703187737756973,0.40278817365269454,1.0,1.0,1.0,0.45703187737756973,0.40278817365269454
0.5652173913043478,0.6,0.8666666666666667,1.0,0.6179777137922701,0.6036062143155778,1.0,0.8666666666666666,0.8666666666666667,0.6179777137922703,0.6036062143155778
0.0,0.0,0.0,0.0,0.0,0.0,0.0,0.0,0.0,0.0,0.0
0.0,0.0,0.0,0.0,0.0,0.0,0.0,0.0,0.0,0.0,0.0
0.0,0.0,0.0,0.0,0.0,0.0,0.0,0.0,0.0,0.0,0.0
0.0,0.0,0.0,0.0,0.0,0.0,0.0,0.0,0.0,0.0,0.0
0.0,0.0,0.0,0.0,0.0,0.0,0.0,0.0,0.0,0.0,0.0
1.0,1.0,0.6818181818181818,0.6818181818181818,0.5615142497220921,0.5265890243091508,1.0,1.0,1.0,0.561514249722092,0.5265890243091508
0.5652173913043478,0.6,0.8666666666666667,1.0,0.6179777137922701,0.6036062143155778,1.0,0.8666666666666666,0.8666666666666667,0.6179777137922703,0.6036062143155778
0.0,0.0,0.0,0.0,0.0,0.0,0.0,0.0,0.0,0.0,0.0
0.8461538461538461,0.8461538461538461,0.47619047619047616,0.47619047619047616,0.5464884555650639,0.3365864026374025,1.0,1.0,1.0,0.5464884555650639,0.3365864026374027
0.0,0.0,0.0,0.0,0.0,0.0,0.0,0.0,0.0,0.0,0.0
0.75,0.75,0.5,0.5,0.6280204699297344,0.5345408593091827,1.0,0.3333333333333333,0.8918918918918918,0.6280204699297345,0.5345408593091825
1.0,1.0,1.0,1.0,1.0,1.0,1.0,1.0,1.0,1.0,1.0
0.0,0.0,0.0,0.0,0.0,0.0,0.0,0.0,0.0,0.0,0.0
0.0,0.0,0.0,0.0,0.0,0.0,1.0,0.0,0.0,0.0,0.0
0.43333333333333335,0.43333333333333335,0.0,0.0,0.09846057815536753,0.04053011052629576,1.0,1.0,0.0,0.09846057815536752,0.04053011052629576
0.9090909090909091,1.0,0.6222222222222222,0.6666666666666666,0.7407120370660529,0.5687357738998482,1.0,0.909090909090909,0.9333333333333333,0.7407120370660528,0.5687357738998484
0.0,0.0,0.0,0.0,0.0,0.0,0.0,0.0,0.0,0.0,0.0
0.0,0.0,0.0,0.0,0.0,0.0,0.0,0.0,0.0,0.0,0.0
0.0,0.0,0.0,0.0,0.0,0.0,0.0,0.0,0.0,0.0,0.0
1.0,1.0,0.5,0.5,1.0,0.9999999999999998,1.0,0.9199999999999999,1.0,1.0,0.9999999999999998
0.85,1.0,1.0,1.0,1.0,1.0,1.0,0.85,0.9571428571428572,1.0,1.0
0.7692307692307693,0.7692307692307693,0.5714285714285714,0.5714285714285714,0.598689838238788,0.3971963133079422,1.0,1.0,1.0,0.5986898382387879,0.3971963133079423
0.0,0.0,0.0,0.0,0.0,0.0,0.0,0.0,0.0,0.0,0.0
0.7894736842105263,0.8,0.345679012345679,0.3333333333333333,0.7863477189139327,0.4985552327723628,1.0,0.9051724137931033,0.9333333333333333,0.7863477189139327,0.4985552327723631
0.0,0.0,0.0,0.0,0.0,0.0,0.0,0.0,0.0,0.0,0.0
0.0,0.0,0.0,0.0,0.0,0.0,0.0,0.0,0.0,0.0,0.0
0.0,0.0,0.0,0.0,0.0,0.0,0.0,0.0,0.0,0.0,0.0
1.0,1.0,0.0,0.0,0.5805040770453461,0.26512722559519747,1.0,0.9384615384615385,0.0,0.5805040770453459,0.2651272255951974
1.0,1.0,0.0,0.0,0.24408112483005337,0.09466956310269355,1.0,1.0,0.0,0.24408112483005334,0.09466956310269356
1.0,1.0,0.6741573033707865,0.5714285714285714,0.9797563072105695,1.0,1.0,1.0,1.0,0.9797563072105696,0.9999999999999998
1.0,1.0,1.0,1.0,1.0,1.0,1.0,1.0,1.0,1.0,1.0
0.6923076923076923,0.6923076923076923,0.47619047619047616,0.47619047619047616,0.4512302378044059,0.2130420534723111,1.0,1.0,1.0,0.4512302378044059,0.21304205347231117
0.8333333333333334,0.8333333333333334,0.7027027027027027,0.6666666666666666,0.8904808802007576,0.9354195237501558,1.0,1.0,1.0,0.8904808802007576,0.9354195237501558
0.8333333333333334,0.8333333333333334,0.0,0.0,0.4724686258796055,0.17890537339483853,1.0,1.0,0.0,0.47246862587960553,0.17890537339483853
0.5,0.5,0.8666666666666667,0.8666666666666667,0.9829527256158964,1.0,1.0,1.0,1.0,0.9829527256158965,1.0
0.25,0.25,0.08333333333333333,0.08333333333333333,0.1469648569124653,0.12737226485120334,1.0,0.3333333333333333,0.8918918918918918,0.14696485691246527,0.12737226485120332
1.0,1.0,0.5,0.5,0.9999999999999999,0.9999999999999998,1.0,0.9199999999999999,1.0,1.0,0.9999999999999998
1.0,1.0,1.0,1.0,1.0,1.0,1.0,1.0,1.0,1.0,1.0
0.75,0.75,0.5,0.5,0.6280204699297344,0.5345408593091828,1.0,0.3333333333333333,0.8918918918918918,0.6280204699297345,0.5345408593091828
1.0,1.0,0.0,0.0,0.5805040770453461,0.2651272255951975,1.0,0.9384615384615385,0.0,0.5805040770453459,0.2651272255951975
0.0,0.0,0.0,0.0,0.0,0.0,0.0,0.0,0.0,0.0,0.0
0.75,0.75,1.0,1.0,1.0,0.9663961205745165,1.0,0.3333333333333333,0.8918918918918918,0.9999999999999998,0.9663961205745164
0.0,0.0,0.0,0.0,0.0,0.0,1.0,0.0,0.0,0.0,0.0
1.0,1.0,1.0,1.0,1.0,1.0,1.0,1.0,1.0,1.0,1.0
1.0,1.0,0.5,0.5,0.7694932567839559,0.7207245155855097,1.0,0.3333333333333333,0.8918918918918918,0.7694932567839557,0.7207245155855095
1.0,1.0,0.0,0.0,0.8538791524215099,0.7444563232313782,1.0,0.9199999999999999,0.0,0.8538791524215102,0.7444563232313782
0.0,0.0,0.0,0.0,0.0,0.0,0.0,0.0,0.0,0.0,0.0
0.0,0.0,1.0,1.0,0.662642969922783,0.6231938613001303,1.0,0.0,0.8476190476190477,0.662642969922783,0.6231938613001302
0.0,0.0,0.0,0.0,0.0,0.0,0.0,0.0,0.0,0.0,0.0
0.7142857142857143,0.7142857142857143,1.0,1.0,1.0,1.0,1.0,1.0,1.0,1.0,1.0
0.85,1.0,1.0,1.0,1.0,1.0,1.0,0.85,0.9571428571428572,1.0,1.0
0.0,0.0,0.0,0.0,0.0,0.0,0.0,0.0,0.0,0.0,0.0
0.7894736842105263,0.8,0.6419753086419753,0.6666666666666666,1.0,0.8267985897520432,1.0,0.9051724137931033,0.8666666666666667,1.0,0.8267985897520432
0.5666666666666667,0.5666666666666667,0.1111111111111111,0.1111111111111111,0.2714418501862152,0.21110805537002833,1.0,1.0,1.0,0.27144185018621514,0.21110805537002836
1.0,1.0,0.5,0.5,1.0,0.9999999999999998,1.0,0.9199999999999999,1.0,1.0,0.9999999999999998
0.0,0.0,0.0,0.0,0.0,0.0,0.0,0.0,0.0,0.0,0.0
0.8524590163934426,0.9230769230769231,0.0,0.0,0.49585646667022226,0.2519856158576399,1.0,0.8666666666666666,0.0,0.49585646667022226,0.25198561585763984
0.25925925925925924,0.3333333333333333,0.0,0.0,0.22848777929434302,0.08460300053664344,1.0,0.7,0.0,0.22848777929434302,0.08460300053664344
1.0,1.0,1.0,1.0,1.0,1.0,1.0,1.0,1.0,1.0,1.0
0.6666666666666666,0.6666666666666666,0.08888888888888889,0.08888888888888889,0.26225230634527374,0.18433976348564013,1.0,1.0,1.0,0.2622523063452737,0.18433976348564016
0.0,0.0,0.0,0.0,0.0,0.0,0.0,0.0,0.0,0.0,0.0
1.0,1.0,1.0,1.0,1.0,1.0,1.0,1.0,1.0,1.0,1.0
1.0,1.0,0.14285714285714285,0.14285714285714285,0.5370316652563902,0.4778297953934044,1.0,1.0,1.0,0.5370316652563903,0.4778297953934045
1.0,1.0,1.0,1.0,1.0,1.0,1.0,1.0,1.0,1.0,1.0
0.8,1.0,0.9402985074626866,1.0,0.8542395330596437,0.8498753117206984,1.0,0.8,0.9,0.8542395330596437,0.8498753117206984
0.0,0.0,0.0,0.0,0.0,0.0,0.0,0.0,0.0,0.0,0.0
1.0,1.0,1.0,1.0,1.0,1.0,1.0,1.0,1.0,1.0,1.0
0.75,0.8181818181818182,0.0,0.0,0.5157343849610193,0.46460862417804755,1.0,0.9166666666666666,0.0,0.5157343849610192,0.4646086241780476
0.7894736842105263,0.8,0.0,0.0,0.632292234459096,0.3344335542825228,1.0,0.9051724137931033,0.0,0.632292234459096,0.3344335542825228
0.8333333333333334,0.8333333333333334,0.2972972972972973,0.3333333333333333,0.6361396209615366,0.3995553339151394,1.0,1.0,0.8461538461538461,0.6361396209615369,0.3995553339151393
0.2,1.0,0.7333333333333333,1.0,0.19999999999999998,0.2,1.0,0.2,0.7333333333333333,0.19999999999999998,0.2
0.8333333333333334,0.8333333333333334,0.2972972972972973,0.3333333333333333,0.6361396209615366,0.3995553339151394,1.0,1.0,0.8461538461538461,0.6361396209615369,0.3995553339151393
0.8333333333333334,0.8333333333333334,0.0,0.0,0.4724686258796055,0.17890537339483853,1.0,1.0,0.0,0.47246862587960553,0.17890537339483853
0.0,0.0,0.0,0.0,0.0,0.0,0.0,0.0,0.0,0.0,0.0
0.36666666666666664,0.36666666666666664,0.1111111111111111,0.1111111111111111,0.15474113974866185,0.08852918451001186,1.0,1.0,1.0,0.15474113974866185,0.08852918451001188
0.75,0.75,0.9393939393939394,1.0,1.0,0.9663961205745165,1.0,0.3333333333333333,0.8378378378378377,0.9999999999999998,0.9663961205745164
0.625,0.625,0.0,0.0,0.4823642114949084,0.17191977077363899,1.0,1.0,0.0,0.48236421149490843,0.171919770773639
1.0,1.0,1.0,1.0,1.0,1.0,1.0,1.0,1.0,1.0,1.0
0.8,1.0,0.9402985074626866,1.0,0.8542395330596437,0.8498753117206984,1.0,0.8,0.9,0.8542395330596437,0.8498753117206984
1.0,1.0,1.0,1.0,1.0,1.0,1.0,1.0,1.0,1.0,1.0
1.0,1.0,0.6666666666666666,0.6666666666666666,0.9429805410086995,1.0,1.0,0.3333333333333333,0.8918918918918918,0.9429805410086997,1.0
0.5652173913043478,0.6,0.8666666666666667,1.0,0.6179777137922701,0.6036062143155778,1.0,0.8666666666666666,0.8666666666666667,0.6179777137922703,0.6036062143155778
0.0,0.0,0.0,0.0,0.0,0.0,1.0,0.0,0.0,0.0,0.0
0.8571428571428571,0.8571428571428571,0.2857142857142857,0.46153846153846156,0.7444585422907865,0.6389380530973452,1.0,1.0,0.4666666666666667,0.7444585422907863,0.638938053097345
0.575,0.625,0.0,0.0,0.44377507457531584,0.15816618911174787,1.0,0.9199999999999999,0.0,0.4437750745753158,0.1581661891117479
0.9180327868852459,0.9230769230769231,0.7972972972972973,0.8333333333333334,1.0,1.0,1.0,0.9333333333333333,0.9076923076923078,1.0,1.0
0.0,0.0,0.0,0.0,0.0,0.0,0.0,0.0,0.0,0.0,0.0
0.75,0.75,0.9393939393939394,1.0,1.0,0.9663961205745165,1.0,0.3333333333333333,0.8378378378378377,0.9999999999999998,0.9663961205745164
0.0,0.0,0.0,0.0,0.0,0.0,1.0,0.0,0.0,0.0,0.0
0.25,0.25,0.08333333333333333,0.08333333333333333,0.1469648569124653,0.12737226485120334,1.0,0.3333333333333333,0.8918918918918918,0.14696485691246527,0.12737226485120332
1.0,1.0,0.6666666666666666,0.6666666666666666,0.9429805410086995,1.0,1.0,0.3333333333333333,0.8918918918918918,0.9429805410086997,1.0
0.0,0.0,0.0,0.0,0.0,0.0,0.0,0.0,0.0,0.0,0.0
0.2,1.0,0.0,0.0,0.13502857222648035,0.11787439613526571,1.0,0.2,0.0,0.13502857222648035,0.11787439613526574
1.0,1.0,1.0,1.0,1.0,1.0,1.0,1.0,1.0,1.0,1.0
0.85,1.0,0.9701492537313433,1.0,1.0,1.0,1.0,0.85,0.9285714285714286,1.0,1.0
0.8333333333333334,0.8333333333333334,1.0,1.0,1.0,0.9999999999999998,1.0,1.0,0.9487179487179489,1.0,0.9999999999999998
0.0,0.0,0.0,0.0,0.0,0.0,0.0,0.0,0.0,0.0,0.0
0.2,1.0,0.0,0.0,0.13502857222648035,0.11787439613526571,1.0,0.2,0.0,0.13502857222648035,0.11787439613526574
0.7,0.7,0.17777777777777778,0.17777777777777778,0.3127576124788331,0.2277215777633372,1.0,1.0,1.0,0.312757612478833,0.22772157776333724
1.0,1.0,1.0,1.0,1.0,1.0,1.0,1.0,1.0,1.0,1.0
0.0,0.0,0.0,0.0,0.0,0.0,0.0,0.0,0.0,0.0,0.0
0.2,1.0,0.7333333333333333,1.0,0.19999999999999998,0.2,1.0,0.2,0.7333333333333333,0.19999999999999998,0.2
1.0,1.0,1.0,1.0,1.0,1.0,1.0,1.0,1.0,1.0,1.0
0.75,0.75,0.9411764705882353,0.9411764705882353,0.992281914207146,1.0,1.0,1.0,1.0,0.9922819142071458,1.0
0.5,0.5,1.0,1.0,0.8688659306956903,0.7248298827276675,1.0,1.0,0.8476190476190477,0.8688659306956905,0.7248298827276674
0.7540983606557377,0.7692307692307693,0.0,0.0,0.3993435718983173,0.12238215430793374,1.0,0.9199999999999999,0.0,0.39934357189831726,0.1223821543079337
0.7894736842105263,0.8,0.0,0.0,0.632292234459096,0.33443355428252286,1.0,0.9051724137931033,0.0,0.632292234459096,0.3344335542825229
0.7666666666666667,0.7666666666666667,0.2222222222222222,0.2222222222222222,0.2849598599348752,0.13817974673720174,1.0,1.0,1.0,0.2849598599348752,0.1381797467372017
0.0,0.0,0.0,0.0,0.0,0.0,0.0,0.0,0.0,0.0,0.0
0.9180327868852459,0.9230769230769231,0.17567567567567569,0.16666666666666666,0.6576060951548054,0.5003922504945767,1.0,0.9333333333333333,1.0,0.6576060951548054,0.5003922504945767
0.0,0.0,0.0,0.0,0.0,0.0,1.0,0.0,0.0,0.0,0.0
0.6666666666666666,0.6666666666666666,0.4222222222222222,0.4222222222222222,0.4579662613758163,0.35135347503241254,1.0,1.0,1.0,0.45796626137581625,0.35135347503241243
0.5,0.5,0.9,0.9,0.6023054665051314,0.37742608137731914,1.0,1.0,1.0,0.6023054665051314,0.37742608137731914
0.0,0.0,0.0,0.0,0.0,0.0,0.0,0.0,0.0,0.0,0.0
1.0,1.0,0.0,0.0,0.6332098575405385,0.6389380530973454,1.0,1.0,0.0,0.6332098575405383,0.638938053097345
0.0,0.0,0.5238095238095238,0.5238095238095238,0.290270206633787,0.18487030679858335,1.0,0.0,1.0,0.290270206633787,0.1848703067985834
1.0,1.0,1.0,1.0,1.0,1.0,1.0,1.0,1.0,1.0,1.0
0.11428571428571428,0.5714285714285714,0.0,0.0,0.051083559566639854,0.019323671497584537,1.0,0.2,0.0,0.051083559566639854,0.019323671497584544
1.0,1.0,0.5,0.5,0.5833192181593418,0.45144086826347307,1.0,1.0,1.0,0.5833192181593418,0.451440868263473
0.5,0.5,0.0,0.0,0.05469451799808835,0.01954397394136808,1.0,1.0,0.0,0.05469451799808835,0.019543973941368076
0.0,0.0,0.0,0.0,0.0,0.0,0.0,0.0,0.0,0.0,0.0
0.125,0.125,0.8666666666666667,1.0,0.2336267814045852,0.2600333763657546,1.0,1.0,0.8666666666666667,0.23362678140458526,0.2600333763657546
0.95,1.0,0.0,0.0,0.9788297547522941,1.0,1.0,0.95,0.0,0.9788297547522943,1.0
1.0,1.0,1.0,1.0,0.9280518562974002,0.9072951349202406,1.0,1.0,1.0,0.9280518562974002,0.9072951349202406
1.0,1.0,0.7,0.7,0.5418709952025264,0.5046911494309994,1.0,1.0,1.0,0.5418709952025264,0.5046911494309994
0.0,0.0,0.0,0.0,0.0,0.0,0.0,0.0,0.0,0.0,0.0
0.8524590163934426,0.9230769230769231,0.0,0.0,0.49585646667022226,0.2519856158576399,1.0,0.8666666666666666,0.0,0.49585646667022226,0.25198561585763984
0.2,1.0,0.7333333333333333,1.0,0.19999999999999993,0.19999999999999996,1.0,0.2,0.7333333333333333,0.19999999999999998,0.19999999999999998
0.0,0.0,0.0,0.0,0.0,0.0,0.0,0.0,0.0,0.0,0.0
0.575,0.625,0.0,0.0,0.44377507457531584,0.15816618911174787,1.0,0.9199999999999999,0.0,0.4437750745753158,0.1581661891117479
0.0,0.0,0.0,0.0,0.0,0.0,0.0,0.0,0.0,0.0,0.0
1.0,1.0,0.98,1.0,1.0,1.0,1.0,1.0,0.98,1.0,1.0
1.0,1.0,1.0,1.0,1.0,1.0,1.0,1.0,1.0,1.0,1.0
0.0,0.0,0.0,0.0,0.0,0.0,1.0,0.0,0.0,0.0,0.0
0.85,1.0,1.0,1.0,1.0,1.0,1.0,0.85,0.9571428571428572,1.0,1.0
0.9,0.9,0.06666666666666667,0.06666666666666667,0.2570774107799061,0.12727500303082365,1.0,1.0,1.0,0.25707741077990603,0.12727500303082362
0.75,0.75,0.9393939393939394,1.0,1.0,0.9663961205745165,1.0,0.3333333333333333,0.8378378378378377,0.9999999999999998,0.9663961205745164
0.0,0.0,0.0,0.0,0.0,0.0,0.0,0.0,0.0,0.0,0.0
1.0,1.0,1.0,1.0,1.0,1.0,1.0,1.0,1.0,1.0,1.0
0.06666666666666667,0.06666666666666667,0.0,0.0,0.0250931577970803,0.020429811810002745,1.0,1.0,0.0,0.025093157797080295,0.020429811810002745
0.5,0.5,0.9887640449438202,1.0,0.8688659306956903,0.7248298827276676,1.0,1.0,0.8380952380952382,0.8688659306956905,0.7248298827276675
0.8571428571428571,0.8571428571428571,0.6938775510204082,0.7692307692307693,1.0,0.9999999999999998,1.0,1.0,0.6799999999999999,1.0,0.9999999999999999
0.6136363636363636,0.6363636363636364,0.0,0.0,0.3355137841967201,0.1165117602427921,1.0,0.9642857142857142,0.0,0.33551378419672007,0.11651176024279211
0.0,0.0,0.0,0.0,0.0,0.0,0.0,0.0,0.0,0.0,0.0
0.825,0.875,1.0,1.0,0.9455111310907504,0.8731068358575521,1.0,0.9428571428571428,1.0,0.9455111310907502,0.8731068358575521
0.0,0.0,0.0,0.0,0.0,0.0,0.0,0.0,0.0,0.0,0.0
0.75,0.75,0.9393939393939394,1.0,1.0,0.9663961205745165,1.0,0.3333333333333333,0.8378378378378377,0.9999999999999998,0.9663961205745164
0.2,1.0,0.7333333333333333,1.0,0.19999999999999998,0.2,1.0,0.2,0.7333333333333333,0.19999999999999998,0.2
1.0,1.0,1.0,1.0,1.0,1.0,1.0,1.0,1.0,1.0,1.0
1.0,1.0,0.35294117647058826,0.35294117647058826,0.23335412478749043,0.1312763179511124,1.0,1.0,1.0,0.2333541247874904,0.13127631795111236
0.9180327868852459,0.9230769230769231,0.17567567567567569,0.16666666666666666,0.6576060951548054,0.5003922504945767,1.0,0.9333333333333333,1.0,0.6576060951548054,0.5003922504945767
0.75,0.75,0.5,0.5,0.6280204699297344,0.5345408593091828,1.0,0.3333333333333333,0.8918918918918918,0.6280204699297345,0.5345408593091828
0.75,0.75,0.5,0.5,0.6280204699297344,0.5345408593091827,1.0,0.3333333333333333,0.8918918918918918,0.6280204699297345,0.5345408593091825
0.5,0.5,0.0,0.0,0.08784260277624241,0.015444015444015444,1.0,1.0,0.0,0.0878426027762424,0.015444015444015444
0.75,0.75,0.5,0.5,0.6280204699297344,0.5345408593091828,1.0,0.3333333333333333,0.8918918918918918,0.6280204699297345,0.5345408593091828
1.0,1.0,1.0,1.0,1.0,1.0,1.0,1.0,1.0,1.0,1.0
0.7333333333333333,0.7333333333333333,0.2222222222222222,0.2222222222222222,0.3453819143223211,0.23541429301064692,1.0,1.0,1.0,0.3453819143223211,0.2354142930106469
0.14285714285714285,0.14285714285714285,0.40816326530612246,0.3076923076923077,0.42068272909869775,0.6318584070796459,1.0,1.0,1.0,0.42068272909869775,0.6318584070796459
0.0,0.0,0.0,0.0,0.0,0.0,0.0,0.0,0.0,0.0,0.0
0.2459016393442623,0.23076923076923078,0.0,0.0,0.18116050514702894,0.14274507128726382,1.0,1.0,0.0,0.1811605051470289,0.14274507128726382
0.0,0.0,0.0,0.0,0.0,0.0,0.0,0.0,0.0,0.0,0.0
1.0,1.0,0.6666666666666666,0.6666666666666666,0.9429805410086995,1.0,1.0,0.3333333333333333,0.8918918918918918,0.9429805410086997,1.0
0.18518518518518517,0.16666666666666666,1.0,1.0,0.5073550333613248,0.6175886224417456,1.0,1.0,1.0,0.5073550333613248,0.6175886224417456
0.0,0.0,0.0,0.0,0.0,0.0,0.0,0.0,0.0,0.0,0.0
0.0,0.0,0.0,0.0,0.0,0.0,0.0,0.0,0.0,0.0,0.0
1.0,1.0,0.0,0.0,0.5805040770453461,0.26512722559519747,1.0,0.9384615384615385,0.0,0.5805040770453459,0.2651272255951974
0.2,1.0,0.7333333333333333,1.0,0.19999999999999998,0.2,1.0,0.2,0.7333333333333333,0.19999999999999998,0.2
0.16666666666666666,0.16666666666666666,0.17777777777777778,0.17777777777777778,0.17270882776867377,0.15015911680352012,1.0,1.0,1.0,0.17270882776867377,0.15015911680352012
0.6521739130434783,0.6,1.0,1.0,0.8154928583009668,0.9072608742780158,1.0,1.0,1.0,0.815492858300967,0.907260874278016
1.0,1.0,0.29411764705882354,0.29411764705882354,0.19243808062084636,0.08979879467026362,1.0,1.0,1.0,0.19243808062084633,0.08979879467026361
0.0,0.0,0.0,0.0,0.0,0.0,1.0,0.0,0.0,0.0,0.0
0.45,0.5,1.0,1.0,0.8851794126912585,0.9042394014962594,1.0,0.9,0.9571428571428572,0.8851794126912585,0.9042394014962594
0.85,1.0,1.0,1.0,1.0,1.0,1.0,0.85,0.9571428571428572,1.0,1.0
1.0,1.0,0.0,0.0,0.7063504420291392,0.6450511945392491,1.0,1.0,0.0,0.7063504420291392,0.6450511945392491
0.2,1.0,0.7333333333333333,1.0,0.19999999999999998,0.2,1.0,0.2,0.7333333333333333,0.19999999999999998,0.2
0.0,0.0,0.0,0.0,0.0,0.0,1.0,0.0,0.0,0.0,0.0
1.0,1.0,1.0,1.0,1.0,1.0,1.0,1.0,1.0,1.0,1.0
0.0,0.0,0.0,0.0,0.0,0.0,0.0,0.0,0.0,0.0,0.0
0.5,0.5,0.0,0.0,0.08784260277624241,0.015444015444015444,1.0,1.0,0.0,0.0878426027762424,0.015444015444015444
0.2,1.0,0.7333333333333333,1.0,0.19999999999999998,0.2,1.0,0.2,0.7333333333333333,0.19999999999999998,0.2
0.75,0.75,0.5,0.5,0.6280204699297344,0.5345408593091828,1.0,0.3333333333333333,0.8918918918918918,0.6280204699297345,0.5345408593091828
1.0,1.0,0.0,0.0,0.5805040770453462,0.2651272255951976,1.0,0.9384615384615385,0.0,0.5805040770453462,0.2651272255951975
0.5652173913043478,0.6,0.5,0.5,0.5757606159226771,0.49703906400355696,1.0,0.8666666666666666,1.0,0.5757606159226772,0.497039064003557
0.4473684210526316,0.5,0.14814814814814814,0.16666666666666666,0.4865995606036102,0.36695924011061687,1.0,0.8206896551724137,0.8,0.48659956060361026,0.3669592401106169
1.0,1.0,0.6741573033707865,0.5714285714285714,0.9797563072105695,1.0,1.0,1.0,1.0,0.9797563072105696,0.9999999999999998
1.0,1.0,1.0,1.0,1.0,1.0,1.0,1.0,1.0,1.0,1.0
0.0,0.0,0.0,0.0,0.0,0.0,0.0,0.0,0.0,0.0,0.0
0.5714285714285714,0.5714285714285714,0.2857142857142857,0.46153846153846156,0.5360734589662973,0.3982300884955751,1.0,1.0,0.4666666666666667,0.5360734589662972,0.398230088495575
0.0,0.0,0.0,0.0,0.0,0.0,0.0,0.0,0.0,0.0,0.0
0.7894736842105263,0.8,0.0,0.0,0.632292234459096,0.3344335542825228,1.0,0.9051724137931033,0.0,0.632292234459096,0.3344335542825229
0.85,1.0,1.0,1.0,1.0,1.0,1.0,0.85,0.9571428571428572,1.0,1.0
0.5714285714285714,0.5714285714285714,0.9455782312925171,1.0,0.9069774004542912,0.8447140082020291,1.0,1.0,0.7128205128205128,0.9069774004542909,0.8447140082020289
0.46153846153846156,0.46153846153846156,1.0,1.0,1.0,1.0,1.0,1.0,1.0,1.0,1.0
0.0,0.0,0.0,0.0,0.0,0.0,1.0,0.0,0.0,0.0,0.0
1.0,1.0,1.0,1.0,1.0,1.0,1.0,1.0,1.0,1.0,1.0
0.5652173913043478,0.6,0.5,0.5,0.5757606159226772,0.49703906400355696,1.0,0.8666666666666666,1.0,0.5757606159226774,0.497039064003557
0.8571428571428571,0.8571428571428571,0.6938775510204082,0.7692307692307693,0.9999999999999999,0.9999999999999998,1.0,1.0,0.6799999999999999,0.9999999999999998,0.9999999999999999
0.8,1.0,0.9402985074626866,1.0,0.8542395330596437,0.8498753117206984,1.0,0.8,0.9,0.8542395330596437,0.8498753117206984
0.8571428571428571,0.8571428571428571,0.2857142857142857,0.46153846153846156,0.7444585422907866,0.6389380530973454,1.0,1.0,0.4666666666666667,0.7444585422907863,0.638938053097345
0.7777777777777778,0.7777777777777778,0.625,0.625,1.0,1.0,1.0,1.0,1.0,1.0,1.0
0.5714285714285714,0.5714285714285714,0.0,0.0,0.2596835028265647,0.1274336283185841,1.0,1.0,0.0,0.25968350282656466,0.12743362831858407
0.0,0.0,0.0,0.0,0.0,0.0,0.0,0.0,0.0,0.0,0.0
1.0,1.0,0.9814814814814815,1.0,1.0,1.0,1.0,1.0,0.9814814814814815,1.0,1.0
0.3333333333333333,0.3333333333333333,0.17777777777777778,0.17777777777777778,0.15660067292391852,0.08343271532730152,1.0,1.0,1.0,0.1566006729239185,0.08343271532730151
1.0,1.0,0.0,0.0,0.6293998005850808,0.3789121775417298,1.0,1.0,0.0,0.6293998005850807,0.3789121775417299
0.8,0.8,0.4444444444444444,0.4444444444444444,0.4494577624450869,0.3440519937169455,1.0,1.0,1.0,0.44945776244508684,0.3440519937169456
0.4444444444444444,0.5,0.0,0.0,0.41249120946738627,0.1822721015422665,1.0,0.8,0.0,0.41249120946738627,0.1822721015422665
0.6666666666666666,0.6666666666666666,1.0,1.0,0.6897176415085614,0.6006825938566552,1.0,1.0,1.0,0.6897176415085613,0.6006825938566552
1.0,1.0,1.0,1.0,1.0,1.0,1.0,1.0,1.0,1.0,1.0
0.0,0.0,0.0,0.0,0.0,0.0,0.0,0.0,0.0,0.0,0.0
0.5,0.5,0.9550561797752809,1.0,0.8688659306956903,0.7248298827276678,1.0,1.0,0.8095238095238095,0.8688659306956905,0.7248298827276676
1.0,1.0,1.0,1.0,1.0,1.0,1.0,1.0,1.0,1.0,1.0
1.0,1.0,0.5,0.5,0.7694932567839559,0.7207245155855097,1.0,0.3333333333333333,0.8918918918918918,0.7694932567839557,0.7207245155855095
0.0,0.0,0.0,0.0,0.0,0.0,0.0,0.0,0.0,0.0,0.0
1.0,1.0,0.0,0.0,0.6332098575405385,0.6389380530973454,1.0,1.0,0.0,0.6332098575405383,0.638938053097345
1.0,1.0,1.0,1.0,1.0,1.0,1.0,1.0,1.0,1.0,1.0
0.5657894736842105,0.55,0.0,0.0,0.5007638552329635,0.316806823727447,1.0,0.9435736677115986,0.0,0.5007638552329636,0.31680682372744706
0.8571428571428571,0.8571428571428571,0.2857142857142857,0.46153846153846156,0.7444585422907866,0.6389380530973454,1.0,1.0,0.4666666666666667,0.7444585422907863,0.638938053097345
0.9,1.0,0.0,0.0,0.9243408858430443,0.9398280802292261,1.0,0.9,0.0,0.9243408858430444,0.9398280802292265
1.0,1.0,1.0,1.0,1.0,1.0,1.0,1.0,1.0,1.0,1.0
0.0,0.0,0.0,0.0,0.0,0.0,1.0,0.0,0.0,0.0,0.0
0.0,0.0,0.0,0.0,0.0,0.0,0.0,0.0,0.0,0.0,0.0
0.0,0.0,0.0,0.0,0.0,0.0,0.0,0.0,0.0,0.0,0.0
1.0,1.0,0.0,0.0,0.9153174206102852,0.9855010679847588,1.0,0.9199999999999999,0.0,0.9153174206102851,0.9855010679847588
0.2,1.0,0.7333333333333333,1.0,0.19999999999999998,0.2,1.0,0.2,0.7333333333333333,0.19999999999999998,0.2
0.0,0.0,0.0,0.0,0.0,0.0,0.0,0.0,0.0,0.0,0.0
0.0,0.0,0.0,0.0,0.0,0.0,0.0,0.0,0.0,0.0,0.0
0.16393442622950818,0.15384615384615385,1.0,1.0,0.5861366153454102,0.7056471641348718,1.0,1.0,0.9487179487179489,0.5861366153454102,0.7056471641348718
1.0,1.0,0.1875,0.1875,0.18676595646851654,0.07410551869402937,1.0,1.0,1.0,0.1867659564685166,0.07410551869402937
0.5652173913043478,0.6,0.5,0.5,0.5757606159226771,0.49703906400355696,1.0,0.8666666666666666,1.0,0.5757606159226772,0.497039064003557
1.0,1.0,1.0,1.0,1.0,1.0,1.0,1.0,1.0,1.0,1.0
0.25925925925925924,0.3333333333333333,0.0,0.0,0.22848777929434302,0.08460300053664344,1.0,0.7,0.0,0.22848777929434302,0.08460300053664344
0.0,0.0,0.0,0.0,0.0,0.0,0.0,0.0,0.0,0.0,0.0
0.0,0.0,0.0,0.0,0.0,0.0,0.0,0.0,0.0,0.0,0.0
0.7894736842105263,0.8,0.6419753086419753,0.6666666666666666,1.0,0.8267985897520432,1.0,0.9051724137931033,0.8666666666666667,1.0,0.8267985897520432
0.2,1.0,0.7333333333333333,1.0,0.19999999999999998,0.2,1.0,0.2,0.7333333333333333,0.19999999999999998,0.2
0.6666666666666666,0.6666666666666666,1.0,1.0,0.9578896459438924,0.7603896103896102,1.0,1.0,1.0,0.9578896459438923,0.7603896103896103
0.0,0.0,0.0,0.0,0.0,0.0,0.0,0.0,0.0,0.0,0.0
0.8571428571428571,0.8571428571428571,0.6938775510204082,0.7692307692307693,0.9999999999999999,0.9999999999999998,1.0,1.0,0.6799999999999999,0.9999999999999998,0.9999999999999999
0.8,0.8,1.0,1.0,0.8295000189062102,0.7899962569689329,1.0,1.0,1.0,0.8295000189062102,0.7899962569689329
1.0,1.0,0.0,0.0,0.562197962140368,0.20737633604261924,1.0,1.0,0.0,0.5621979621403681,0.20737633604261924
0.2,1.0,0.7333333333333333,1.0,0.19999999999999993,0.2,1.0,0.2,0.7333333333333333,0.19999999999999998,0.20000000000000004
0.0,0.0,0.0,0.0,0.0,0.0,0.0,0.0,0.0,0.0,0.0
0.0,0.0,0.0,0.0,0.0,0.0,0.0,0.0,0.0,0.0,0.0
0.0,0.0,0.0,0.0,0.0,0.0,0.0,0.0,0.0,0.0,0.0
0.0,0.0,0.0,0.0,0.0,0.0,0.0,0.0,0.0,0.0,0.0
0.7333333333333333,0.7333333333333333,0.3111111111111111,0.3111111111111111,0.4068014255525894,0.2946607472596549,1.0,1.0,1.0,0.40680142555258936,0.29466074725965496
0.0,0.0,0.0,0.0,0.0,0.0,0.0,0.0,0.0,0.0,0.0
0.8333333333333334,0.8333333333333334,0.7027027027027027,0.6666666666666666,0.8904808802007576,0.9354195237501558,1.0,1.0,1.0,0.8904808802007576,0.9354195237501556
0.85,1.0,0.0,0.0,0.8698520169337945,0.8796561604584527,1.0,0.85,0.0,0.8698520169337945,0.8796561604584527
1.0,1.0,1.0,1.0,1.0,1.0,1.0,1.0,1.0,1.0,1.0
0.825,0.875,0.8666666666666667,1.0,0.8792340174865276,0.7817437576749897,1.0,0.9428571428571428,0.8666666666666667,0.8792340174865275,0.7817437576749897
0.2,1.0,0.7333333333333333,1.0,0.19999999999999998,0.2,1.0,0.2,0.7333333333333333,0.19999999999999998,0.2
0.5652173913043478,0.6,0.8666666666666667,1.0,0.6179777137922701,0.6036062143155778,1.0,0.8666666666666666,0.8666666666666667,0.6179777137922703,0.6036062143155778
1.0,1.0,0.98,1.0,1.0,1.0,1.0,1.0,0.98,1.0,1.0
0.5652173913043478,0.6,0.5,0.5,0.5757606159226771,0.49703906400355696,1.0,0.8666666666666666,1.0,0.5757606159226772,0.497039064003557
0.8360655737704918,0.8461538461538461,0.0,0.0,0.47389524457605176,0.21074815081909698,1.0,0.9272727272727274,0.0,0.4738952445760517,0.21074815081909692
0.8333333333333334,0.8333333333333334,0.0,0.0,0.4268699580924929,0.35760822354133487,1.0,1.0,0.0,0.42686995809249295,0.35760822354133476
0.16393442622950818,0.15384615384615385,1.0,1.0,0.5861366153454102,0.7056471641348717,1.0,1.0,0.9487179487179489,0.5861366153454102,0.7056471641348716
